﻿PK_SIST;SG_SIST;NM_SIST;DT_DESATIVACAO
1;CAP;Controle de Audiência a Particulares;NULL
2;DPA;Sistema de Desvios e Performance de Auditores;NULL
3;INQ;Sistema de Inquéritos;NULL
4;PJU;Sistema de Acompanhamento de Processos Jurídicos;2019-07-09
5;REC;Sistema de Recebimento de Expd. de Correspondência;NULL
6;SMA;Sistema de Mailing;NULL
7;SAC;Sistema de Atendimento a Investidores;NULL
8;SAD;Sistema de Controle de Atos Declaratórios;NULL
9;SAP;Sistema de Acompanhamento de Processos;NULL
11;SAP-SEP;Sistema de Acompanhamento de Processos - SEP;NULL
13;SEM;Séries históricas e estatísticas de mercado;NULL
14;SGA;Sistema de Acompanhamento de Gastos;NULL
15;SIC;Sistema de Informações Cadastrais;NULL
16;SIE;Sistema de Investidores Estrangeiros;NULL
17;SRA;Sistema de Restrição de Acesso;NULL
18;SRE;Sistema de Acompanhamento de Registros;NULL
19;SRH;Sistema de Recursos Humanos;NULL
20;SCRED;Sistema de Recebimento de Informações;NULL
21;CVMWEB;CVMWeb;NULL
22;DIVDAT-TAXA;Sistema de Controle de Dívida Ativa de Taxas;NULL
23;SAF;Sistema de Análise de Demonstrações Financeiras;2018-05-04
25;SCF;Sistema de Compliance de Fundos;2018-05-04
27;SAFIAN;Safian;2018-05-04
28;ALMOXARIFADO;Sistema de Almoxarifado (Link);NULL
29;FORMULARIOS-SAD;Sistema de Patrimônio (Link);NULL
30;PORTAL-CVM;Internet CVM;NULL
31;INTRANET;Intranet CVM;NULL
32;SFI;Sistema de Solicitações de Inspeção;NULL
33;DIVDAT-MULTA;Sistema de Controle de Dívida Ativa de Multas;NULL
34;TPC;Controle do Trâmite de Processos no Colegiado;NULL
35;SBR;Sistema de Análise Baseada em Risco;2018-05-04
36;PORTAL-INVESTIDOR;Portal do Investidor;NULL
37;OUTROS;Outros;NULL
38;SRD;Sistema de Recebimento de Documentos;NULL
39;SCMUL;Sistema de Controle de Multas Cominatórias;NULL
40;SGD;Sistema de Gestão de Desempenho;NULL
41;SCD;Sistema de Controle de Demandas;NULL
42;SIEWEB;Cadastro de Investidores Não Residentes WEB;NULL
43;SEI;Sistema Eletrônico de Informações;NULL
44;SCTAX;Sistema de Controle de Taxas;NULL
45;CVM+;Sistema de Recompensas;NULL
46;BI-SEP;BI Cias Abertas, Incentivadas Regist/N.Regist;NULL
47;SER;Sistema de Esforços Restritos;NULL
51;BI-ASA;BI-ASA;NULL
52;BI-FDO;BI-FUNDOS;NULL
53;BI-FDO-EST;BI-FUNDOS ESTRUTURADOS;NULL
54;SAM;Sistema de Supervisão do Mercado de Capitais Brasileiro;NULL
55;DADOS-ABERTOS;Portal de Dados Abertos;NULL
56;SGF;Sistema de Gestão de Fundos de Investimento;NULL
57;SARC;Novo Sistema de Arrecadação;NULL
58;APP-MOBILE-EDUCA;CVM Educacional - Mobile;2019-09-03
59;BI-INQ;BI de Inquéritos;2019-09-27
60;CVMWIN;Sist. ITR DFP IAN;2019-07-09
61;DIVEXT;Divulgação Externa;2019-07-09
62;DOWNLOAD-MULT;Download Múltiplo de Cias. Abertas;2019-07-09
63;IPE;Informações Periódicas Eventuais;2019-07-09
64;CENTRAL RELATORIOS;Portal de relatórios;NULL
65;STA-WEBSVC;Aplicativo de transferência de arquivos ao BACEN via web service do STA;NULL
66;WEBSVC;Web Services de consultas por entidades externas;NULL
67;INFOCONV-WEB;Sistema de Informações para Convenentes - RFB;NULL
68;SSI;Sistema Sancionador Integrado;NULL
69;PROC-INFORMES;Processador de Informes;2021-02-08
70;CVM-DIGITAL;Plataforma corporativa mobile para o mercado supervisionado;NULL
71;INFOAUDI;Sistema Novo Cadastro de Auditores Independentes;NULL
72;SNCPC;Sistema Novo Cadastro de Plataformas de Crowdfunding;NULL
73;NOVO-CADASTRO;Novo Sistema de Cadastro;2021-02-08
74;PLAT-SUPERVISAO;Novo Sistema de Supervisão da CVM;NULL
75;DM-COMPANHIAS;Data Mart Companhias;NULL
76;DM-FUNDOS;Data Mart Fundos;NULL
77;DM-OFERTAS;Data Mart Ofertas;NULL
78;DM-SANCIONADOR;Data Mart Atividade Sancionadora;NULL
79;DM-SEI;Data Mart SEI;NULL
80;PG-CVM;Programa de Gestão da CVM;NULL
81;DM-PESSOAS;Data Mart Gestão de Pessoas;NULL
