﻿DT_REFER;TP_NIVEL_FERIAD;TP_VAR;NM_FERIAD;ST_FERIAD_BANC
1997-01-01 00:00:00;NAC;F;CONFRATERNIZAÇÃO UNIVERSAL;S
1997-05-01 00:00:00;NAC;F;DIA DO TRABALHO;S
1997-09-07 00:00:00;NAC;F;INDEPENDÊNCIA DO BRASIL;S
1997-12-25 00:00:00;NAC;F;NATAL;S
1998-01-01 00:00:00;NAC;F;CONFRATERNIZAÇÃO UNIVERSAL;S
1998-01-20 00:00:00;MUN;F;SÃO SEBASTIÃO;S
1998-02-23 00:00:00;NAC;V;CARNAVAL;S
1998-04-10 00:00:00;NAC;V;PAIXÃO DE CRISTO;S
1998-05-01 00:00:00;NAC;F;DIA DO TRABALHO;S
1998-09-07 00:00:00;NAC;F;INDEPENDÊNCIA DO BRASIL;S
1998-10-12 00:00:00;NAC;F;NOSSA SENHORA  APARECIDA;S
1998-12-25 00:00:00;NAC;F;NATAL;S
1999-01-01 00:00:00;NAC;F;CONFRATERNIZAÇÃO UNIVERSAL;S
1999-01-20 00:00:00;mun;f;São Sebastião;S
1999-01-25 00:00:00;MUN;F;SÃO PAULO;S
1999-02-15 00:00:00;NAC;V;CARNAVAL;S
1999-02-16 00:00:00;NAC;V;CARNAVAL;S
1999-04-02 00:00:00;NAC;F;PAIXAO DE CRISTO;S
1999-04-21 00:00:00;NAC;F;TIRADENTES;S
1999-06-03 00:00:00;NAC;V;CORPUS CHRISTI;S
1999-07-09 00:00:00;MUN;F;FERIADO EM SP;N
1999-09-07 00:00:00;NAC;F;DIA DA INDEPENDÊNCIA;S
1999-10-12 00:00:00;NAC;F;NOSSA SENHORA APARECIDA;S
1999-11-02 00:00:00;NAC;F;FINADOS;S
1999-11-15 00:00:00;NAC;F;PROCLAMAÇÃO DA REPÚBLICA;S
2000-01-01 00:00:00;NAC;F;CONFRATERNIZAÇÃO UNIVERSAL;S
2000-01-20 00:00:00;MUN;F;SÃO SEBASTIÃO;S
2000-01-25 00:00:00;MUN;F;DIA DE SÃO PAULO;S
2000-03-06 00:00:00;NAC;V;CARNAVAL;S
2000-03-07 00:00:00;NAC;V;CARNAVAL;S
2000-04-21 00:00:00;NAC;F;TIRADENTES;S
2000-05-01 00:00:00;NAC;F;DIA DO TRABALHO;S
2000-06-22 00:00:00;NAC;V;CORPUS CHRISTI;S
2000-09-07 00:00:00;NAC;F;INDEPENDÊNCIA DO BRASIL;S
2000-10-12 00:00:00;NAC;F;NOSSA SENHORA  APARECIDA;S
2000-11-02 00:00:00;NAC;F;FINADOS;S
2000-11-15 00:00:00;NAC;F;PROCLAMAÇÃO DA REPÚBLICA;S
2000-12-25 00:00:00;NAC;F;NATAL;S
2001-01-01 00:00:00;NAC;F;CONFRATERNIZAÇÃO UNIVERSAL;S
2001-01-20 00:00:00;MUN;F;SÃO SEBASTIÃO DO RJ;S
2001-01-25 00:00:00;MUN;F;SÃO PAULO;S
2001-02-26 00:00:00;NAC;V;CARNAVAL;N
2001-02-27 00:00:00;NAC;V;CARNAVAL;S
2001-03-21 00:00:00;NAC;F;TIRADENTES;S
2001-04-13 00:00:00;NAC;V;PAIXÃO;S
2001-05-01 00:00:00;NAC;F;DIA DO TRABALHO;S
2001-06-14 00:00:00;NAC;V;CORPUS CHRISTI;S
2001-07-09 00:00:00;MUN;F;FERIADO EM SP;S
2001-09-07 00:00:00;NAC;F;INDEPENDÊNCIA DO BRASIL;S
2001-10-12 00:00:00;NAC;F;NOSSA SENHORA APARECIDA;S
2001-11-02 00:00:00;NAC;F;FINADOS;S
2001-11-15 00:00:00;NAC;F;PROCLAMAÇÃO DA REPÚBLICA;S
2001-11-30 00:00:00;MUN;F;DIA DO EVANGÉLICO;S
2001-12-25 00:00:00;NAC;F;NATAL;S
2002-01-01 00:00:00;NAC;F;CONFRATERNIZAÇÃO UNIVERSAL;S
2002-01-20 00:00:00;MUN;F;SÃO SEBASTIÃO DO RJ;S
2002-01-25 00:00:00;MUN;F;SÃO PAULO;S
2002-02-11 00:00:00;NAC;V;CARNAVAL;N
2002-02-12 00:00:00;NAC;V;CARNAVAL;S
2002-03-29 00:00:00;NAC;V;PAIXÃO;S
2002-04-21 00:00:00;NAC;F;TIRADENTES;S
2002-05-01 00:00:00;NAC;F;DIA DO TRABALHO;S
2002-05-30 00:00:00;NAC;V;CORPUS CHRISTI;S
2002-07-09 00:00:00;MUN;F;FERIADO EM SP;S
2002-09-07 00:00:00;NAC;F;INDEPENDÊNCIA DO BRASIL;S
2002-10-12 00:00:00;NAC;F;NOSSA SENHORA APARECIDA;S
2002-11-02 00:00:00;NAC;F;FINADOS;S
2002-11-15 00:00:00;NAC;F;PROCLAMAÇÃO DA REPÚBLICA;S
2002-11-30 00:00:00;MUN;F;DIA DO EVANGÉLICO;S
2002-12-25 00:00:00;NAC;F;NATAL;S
2003-01-01 00:00:00;NAC;F;CONFRATERNIZAÇÃO UNIVERSAL;S
2003-01-20 00:00:00;MUN;F;SÃO SEBASTIÃO DO RJ;S
2003-01-25 00:00:00;MUN;F;SÃO PAULO;S
2003-03-03 00:00:00;NAC;V;CARNAVAL;S
2003-03-04 00:00:00;NAC;V;CARNAVAL;S
2003-04-18 00:00:00;NAC;V;PAIXÃO DE CRISTO;S
2003-04-21 00:00:00;NAC;F;TIRADENTES;S
2003-04-23 00:00:00;MUN;F;SÃO JORGE;S
2003-05-01 00:00:00;NAC;F;DIA MUNDIAL DO TRABALHO;S
2003-06-19 00:00:00;NAC;V;CORPUS CHRISTI;S
2003-07-09 00:00:00;MUN;F;REVOLUÇÃO DE 32;S
2003-10-12 00:00:00;NAC;F;NOSSA SENHORA APARECIDA;S
2003-10-27 00:00:00;NAC;F;DIA DO SERVIDOR PÚBLICO;N
2003-11-20 00:00:00;MUN;F;DIA DA CONSCIÊNCIA NEGRA;S
2003-11-30 00:00:00;MUN;F;DIA DO EVANGÉLICO;S
2003-12-25 00:00:00;NAC;F;NATAL;S
2004-01-01 00:00:00;NAC;F;CONFRATERNIZAÇÃO UNIVERSAL;S
2004-01-20 00:00:00;MUN;F;SÃO SEBASTIÃO;S
2004-02-23 00:00:00;NAC;F;CARNAVAL;S
2004-02-24 00:00:00;NAC;F;CARNAVAL;S
2004-04-09 00:00:00;NAC;F;PAIXÃO DE CRISTO;S
2004-04-21 00:00:00;NAC;F;TIRADENTES;S
2004-04-23 00:00:00;MUN;F;SÃO JORGE;S
2004-05-01 00:00:00;NAC;F;DIA DO TRABALHO;S
2004-06-10 00:00:00;NAC;F;CORPUS CHRISTI;S
2004-07-09 00:00:00;MUN;F;REVOLUÇÃO DE 32;S
2004-09-07 00:00:00;NAC;F;INDEPENDÊNCIA DO BRASIL;S
2004-10-12 00:00:00;NAC;F;NOSSA SENHORA APARECIDA;S
2004-11-01 00:00:00;NAC;V;DIA DO SERVIDOR PÚBLICO;N
2004-11-02 00:00:00;NAC;F;FINADOS;S
2004-11-15 00:00:00;NAC;F;PROCLAMAÇÃO DA REPÚBLICA;S
2004-12-25 00:00:00;NAC;F;NATAL;S
2005-01-01 00:00:00;NAC;F;CONFRATERNIZAÇÃO UNIVERSAL;S
2005-01-20 00:00:00;MUN;F;SÃO SEBASTIÃO DO RJ;S
2005-01-25 00:00:00;MUN;F;SÃO PAULO;S
2005-02-07 00:00:00;NAC;V;CARNAVAL;S
2005-02-08 00:00:00;NAC;V;CARNAVAL;S
2005-03-25 00:00:00;NAC;F;PAIXÃO DE CRISTO;S
2005-04-21 00:00:00;NAC;F;TIRADENTES;S
2005-05-01 00:00:00;NAC;F;DIA DO TRABALHO;S
2005-05-26 00:00:00;NAC;V;CORPUS CHRISTI;S
2005-07-09 00:00:00;MUN;F;REVOLUÇÃO DE 32;S
2005-09-07 00:00:00;NAC;F;INDEPENDÊNCIA DO BRASIL;S
2005-10-12 00:00:00;NAC;F;NOSSA SENHORA  APARECIDA;S
2005-10-28 00:00:00;NAC;F;DIA DO SERVIDOR PÚBLICO;N
2005-11-02 00:00:00;NAC;F;FINADOS;S
2005-11-15 00:00:00;NAC;F;PROCLAMAÇÃO DA REPÚBLICA;S
2005-12-25 00:00:00;NAC;F;NATAL;S
2006-01-01 00:00:00;NAC;F;CONFRATERNIZAÇÃO UNIVERSAL;S
2006-01-20 00:00:00;MUN;F;SÃO SEBASTIÃO DO RJ;S
2006-01-25 00:00:00;MUN;F;SÃO PAULO;S
2006-02-27 00:00:00;NAC;F;CARNAVAL;S
2006-02-28 00:00:00;NAC;F;CARNAVAL;S
2006-04-14 00:00:00;NAC;F;PAIXÃO DE CRISTO;S
2006-04-21 00:00:00;NAC;F;TIRADENTES;S
2006-04-23 00:00:00;MUN;F;SÃO JORGE;S
2006-05-01 00:00:00;NAC;F;DIA DO TRABALHO;S
2006-06-15 00:00:00;NAC;F;CORPUS CHRISTI;S
2006-07-09 00:00:00;MUN;F;REVOLUÇÃO DE 32;N
2006-09-07 00:00:00;NAC;F;INDEPENDÊNCIA DO BRASIL;S
2006-10-12 00:00:00;NAC;F;NOSSA SENHORA  APARECIDA;S
2006-10-28 00:00:00;NAC;F;DIA DO SERVIDOR PÚBLICO;N
2006-11-02 00:00:00;NAC;F;FINADOS;S
2006-11-15 00:00:00;NAC;F;PROCLAMAÇÃO DA REPÚBLICA;S
2006-11-20 00:00:00;MUN;F;DIA DA CONSCIÊNCIA NEGRA;S
2006-12-25 00:00:00;NAC;F;NATAL;S
2007-01-01 00:00:00;NAC;F;CONFRATERNIZAÇÃO UNIVERSAL;S
2007-01-25 00:00:00;MUN;F;ANIVER. DA CIDADE DE SÃO PAULO;S
2007-02-19 00:00:00;NAC;F;CARNAVAL;S
2007-02-20 00:00:00;NAC;F;CARNAVAL;S
2007-04-06 00:00:00;NAC;F;PAIXÃO DE CRISTO;S
2007-04-21 00:00:00;NAC;F;TIRADENTES;S
2007-04-23 00:00:00;MUN;F;SÃO JORGE;S
2007-05-01 00:00:00;NAC;F;DIA DO TRABALHO;S
2007-06-07 00:00:00;NAC;F;CORPUS CHRISTI;S
2007-07-09 00:00:00;MUN;F;REVOLUÇÃO DE 32;S
2007-09-07 00:00:00;NAC;F;INDEPENDÊNCIA DO BRASIL;S
2007-10-12 00:00:00;NAC;F;NOSSA SENHORA APARECIDA;S
2007-11-02 00:00:00;NAC;F;FINADOS;S
2007-11-15 00:00:00;NAC;F;PROCLAMAÇÃO DA REPÚBLICA;S
2007-11-20 00:00:00;MUN;F;DIA DA CONSCIÊNCIA NEGRA;S
2007-12-25 00:00:00;NAC;F;NATAL;S
2008-01-01 00:00:00;NAC;F;CONFRATERNIZAÇÃO UNIVERSAL;S
2008-01-25 00:00:00;MUN;F;ANIVER. DA CIDADE DE SÃO PAULO;S
2008-02-04 00:00:00;NAC;F;CARNAVAL;S
2008-02-05 00:00:00;NAC;F;CARNAVAL;S
2008-03-21 00:00:00;NAC;F;PAIXÃO DE CRISTO;S
2008-04-21 00:00:00;NAC;F;TIRADENTES;S
2008-04-23 00:00:00;MUN;F;SÃO JORGE;S
2008-05-01 00:00:00;NAC;F;DIA MUNDIAL DO TRABALHO;S
2008-05-22 00:00:00;NAC;F;CORPUS CHRISTI;S
2008-07-09 00:00:00;MUN;F;REVOLUÇÃO DE 32;S
2008-09-07 00:00:00;NAC;F;INDEPENDÊNCIA DO BRASIL;S
2008-10-12 00:00:00;NAC;F;NOSSA SENHORA  APARECIDA;S
2008-11-02 00:00:00;NAC;F;FINADOS;S
2008-11-15 00:00:00;NAC;F;PROCLAMAÇÃO DA REPÚBLICA;S
2008-11-20 00:00:00;MUN;F;DIA DA CONSCIÊNCIA NEGRA;S
2008-12-25 00:00:00;NAC;F;NATAL;S
2009-01-01 00:00:00;NAC;F;CONFRATERNIZAÇÃO UNIVERSAL;S
2009-01-20 00:00:00;MUN;F;SÃO SEBASTIÃO DO RJ;S
2009-02-23 00:00:00;NAC;F;CARNAVAL;S
2009-02-24 00:00:00;NAC;F;CARNAVAL;S
2009-04-10 00:00:00;NAC;F;PAIXÃO DE CRISTO;S
2009-04-21 00:00:00;NAC;F;TIRADENTES;S
2009-04-23 00:00:00;MUN;F;SÃO JORGE;S
2009-05-01 00:00:00;NAC;F;DIA MUNDIAL DO TRABALHO;S
2009-06-11 00:00:00;NAC;F;CORPUS CHRISTI;S
2009-07-09 00:00:00;MUN;F;REVOLUÇÃO DE 32;S
2009-09-07 00:00:00;NAC;F;INDEPENDÊNCIA DO BRASIL;S
2009-10-12 00:00:00;NAC;F;NOSSA SENHORA  APARECIDA;S
2009-11-02 00:00:00;NAC;F;FINADOS;S
2009-11-15 00:00:00;NAC;F;PROCLAMAÇÃO DA REPÚBLICA;S
2009-11-20 00:00:00;MUN;F;DIA DA CONSCIÊNCIA NEGRA;S
2009-12-25 00:00:00;NAC;F;NATAL;S
2010-01-01 00:00:00;NAC;F;CONFRATERNIZAÇÃO UNIVERSAL;S
2010-01-20 00:00:00;MUN;F;SÃO SEBASTIÃO DO RJ;S
2010-01-25 00:00:00;MUN;F;ANIV. DA CIDADE SE SÃO PAULO;S
2010-02-15 00:00:00;NAC;F;CARNAVAL;S
2010-02-16 00:00:00;NAC;F;CARNAVAL;S
2010-04-02 00:00:00;NAC;F;PAIXÃO DE CRISTO;S
2010-04-21 00:00:00;NAC;F;TIRADENTES;S
2010-04-23 00:00:00;MUN;F;SÃO JORGE;S
2010-05-01 00:00:00;NAC;F;DIA MUNDIAL DO TRABALHO;S
2010-06-03 00:00:00;NAC;F;CORPUS CHRISTI;S
2010-07-09 00:00:00;MUN;F;REVOLUÇÃO DE 32;S
2010-09-07 00:00:00;NAC;F;INDEPENDÊNCIA DO BRASIL;S
2010-10-12 00:00:00;NAC;F;NOSSA SENHORA  APARECIDA;S
2010-11-02 00:00:00;NAC;F;FINADOS;S
2010-11-15 00:00:00;NAC;F;PROCLAMAÇÃO DA REPÚBLICA;S
2010-11-20 00:00:00;MUN;F;DIA DA CONSCIÊNCIA NEGRA;S
2010-12-25 00:00:00;NAC;F;NATAL;S
2011-01-01 00:00:00;NAC;F;CONFRATERNIZAÇÃO UNIVERSAL;S
2011-01-20 00:00:00;MUN;F;SÃO SEBASTIÃO DO RJ;S
2011-01-25 00:00:00;MUN;F;ANIV. DA CIDADE SE SÃO PAULO;S
2011-03-07 00:00:00;NAC;F;CARNAVAL;S
2011-03-08 00:00:00;NAC;F;CARNAVAL;S
2011-04-21 00:00:00;NAC;F;TIRADENTES;S
2011-04-22 00:00:00;NAC;F;PAIXÃO DE CRISTO;S
2011-06-23 00:00:00;NAC;F;CORPUS CHRISTI;S
2011-09-07 00:00:00;NAC;F;INDEPENDÊNCIA DO BRASIL;S
2011-10-12 00:00:00;NAC;F;NOSSA SENHORA  APARECIDA;S
2011-11-02 00:00:00;NAC;F;FINADOS;S
2011-11-15 00:00:00;NAC;F;PROCLAMAÇÃO DA REPÚBLICA;S
2011-12-25 00:00:00;NAC;F;NATAL;S
2012-01-01 00:00:00;NAC;F;CONFRATERNIZAÇÃO UNIVERSAL;S
2012-01-20 00:00:00;MUN;F;SÃO SEBASTIÃO DO RJ;S
2012-01-25 00:00:00;MUN;F;ANIV. DA CIDADE SE SÃO PAULO;S
2012-02-20 00:00:00;NAC;F;CARNAVAL;S
2012-02-21 00:00:00;NAC;F;CARNAVAL;S
2012-04-06 00:00:00;NAC;F;PAIXAO DE CRISTO;S
2012-04-21 00:00:00;NAC;F;TIRADENTES;S
2012-04-23 00:00:00;MUN;F;SÃO JORGE - ESTADUAL RJ;S
2012-05-01 00:00:00;NAC;F;DIA MUNDIAL DO TRABALHO;S
2012-06-07 00:00:00;NAC;F;CORPUS CHRISTI;S
2012-07-09 00:00:00;MUN;F;REVOLUÇÃO DE 32;S
2012-09-07 00:00:00;NAC;F;INDEPENDÊNCIA DO BRASIL;S
2012-10-12 00:00:00;NAC;F;NOSSA SENHORA  APARECIDA;S
2012-10-28 00:00:00;NAC;F;DIA DO SERVIDOR PÚBLICO;S
2012-11-02 00:00:00;NAC;F;FINADOS;S
2012-11-15 00:00:00;NAC;F;PROCLAMAÇÃO DA REPÚBLICA;S
2012-11-20 00:00:00;MUN;V;DIA DA CONSCIÊNCIA NEGRA;S
2012-12-25 00:00:00;NAC;F;NATAL;S
2013-01-01 00:00:00;NAC;F;CONFRATERNIZAÇÃO UNIVERSAL;S
2013-01-25 00:00:00;MUN;F;ANIV. DA CIDADE SE SÃO PAULO;S
2013-02-11 00:00:00;NAC;F;CARNAVAL;S
2013-02-12 00:00:00;NAC;F;CARNAVAL;S
2013-03-29 00:00:00;NAC;F;PAIXAO DE CRISTO;S
2013-04-23 00:00:00;MUN;F;SÃO JORGE - ESTADUAL RJ;S
2013-05-01 00:00:00;NAC;F;DIA DO TRABALHO;S
2013-05-30 00:00:00;NAC;F;CORPUS CHRISTI;S
2013-07-09 00:00:00;MUN;F;REVOLUÇÃO DE 32 - SÃO PAULO;S
2013-07-25 00:00:00;MUN;V;JORNADA MUNDIAL DA JUVENTUDE;S
2013-07-26 00:00:00;MUN;V;JORNADA MUNDIAL DA JUVENTUDE;S
2013-11-15 00:00:00;NAC;F;PROCLAMAÇÃO DA REPÚBLICA;S
2013-11-20 00:00:00;MUN;F;DIA DA CONSCIÊNCIA NEGRA;S
2013-12-25 00:00:00;NAC;F;NATAL;S
2014-01-01 00:00:00;NAC;F;CONFRATERNIZAÇÃO UNIVERSAL;S
2014-01-20 00:00:00;MUN;F;SÃO SEBASTIÃO;S
2014-01-25 00:00:00;MUN;F;SÃO PAULO;S
2014-03-03 00:00:00;NAC;F;CARNAVAL;S
2014-03-04 00:00:00;NAC;F;CARNAVAL;S
2014-04-18 00:00:00;NAC;F;PAIXAO DE CRISTO;S
2014-04-21 00:00:00;NAC;F;TIRADENTES;S
2014-04-23 00:00:00;MUN;F;SÃO JORGE;S
2014-05-01 00:00:00;NAC;F;DIA MUNDIAL DO TRABALHO;S
2014-06-12 00:00:00;MUN;V;COPA DO MUNDO FIFA 2014;S
2014-06-19 00:00:00;NAC;F;CORPUS CHRISTI;S
2014-06-25 00:00:00;MUN;V;COPA DO MUNDO FIFA 2014;S
2014-07-04 00:00:00;MUN;V;COPA DO MUNDO FIFA 2014;S
2014-07-09 00:00:00;MUN;F;REVOLUÇÃO DE 32 - SÃO PAULO;S
2014-09-07 00:00:00;NAC;F;INDEPENDÊNCIA DO BRASIL;S
2014-10-12 00:00:00;NAC;F;NOSSA SENHORA  APARECIDA;S
2014-11-02 00:00:00;NAC;F;FINADOS;S
2014-11-15 00:00:00;NAC;F;PROCLAMAÇÃO DA REPÚBLICA;S
2014-11-20 00:00:00;MUN;F;DIA DA CONSCIÊNCIA NEGRA;S
2014-12-25 00:00:00;NAC;F;NATAL;S
2015-01-01 00:00:00;NAC;F;CONFRATERNIZAÇÃO UNIVERSAL;S
2015-01-20 00:00:00;MUN;F;SÃO SEBASTIÃO;S
2015-02-16 00:00:00;NAC;F;CARNAVAL;S
2015-02-17 00:00:00;NAC;F;CARNAVAL;S
2015-04-03 00:00:00;NAC;F;PAIXÃO DE CRISTO;S
2015-04-21 00:00:00;NAC;F;TIRADENTES;S
2015-04-23 00:00:00;MUN;F;SÃO JORGE;S
2015-05-01 00:00:00;NAC;F;DIA DO TRABALHO;S
2015-06-04 00:00:00;NAC;F;CORPUS CHRISTI;S
2015-07-09 00:00:00;MUN;F;REVOLUÇÃO DE 1932;S
2015-09-07 00:00:00;NAC;F;INDEPENDÊNCIA;S
2015-10-12 00:00:00;NAC;F;NOSSA SENHORA APARECIDA;S
2015-11-02 00:00:00;NAC;F;FINADOS;S
2015-11-15 00:00:00;NAC;F;PROCLAMAÇÃO DA REPÚBLICA;S
2015-11-20 00:00:00;MUN;F;DIA DA CONSCIÊNCIA NEGRA;S
2015-11-30 00:00:00;MUN;F;DIA NACIONAL DO EVANGÉLICO;S
2015-12-25 00:00:00;NAC;F;NATAL;S
2016-01-01 00:00:00;NAC;F;CONFRATERNIZAÇÃO UNIVERSAL;S
2016-01-20 00:00:00;MUN;F;SÃO SEBASTIÃO;S
2016-01-25 00:00:00;MUN;F;ANIVERSÁRIO DE SÃO PAULO;S
2016-02-08 00:00:00;NAC;F;CARNAVAL;S
2016-02-09 00:00:00;NAC;F;CARNAVAL;S
2016-03-25 00:00:00;NAC;F;PAIXÃO DE CRISTO;S
2016-04-21 00:00:00;NAC;F;TIRADENTES;S
2016-04-23 00:00:00;MUN;F;SÃO JORGE;S
2016-05-01 00:00:00;NAC;F;DIA DO TRABALHO;S
2016-05-26 00:00:00;NAC;V;CORPUS CHRISITI;S
2016-07-09 00:00:00;MUN;F;REVOLUÇÃO DE 1932;S
2016-08-04 00:00:00;MUN;V;OLIMPÍADAS RIO 2016;S
2016-08-05 00:00:00;MUN;V;OLIMPíADAS RIO 2016;S
2016-08-10 00:00:00;MUN;V;OLIMPÍADAS RIO2016;S
2016-08-12 00:00:00;MUN;V;OLIMPÍADAS RIO2016;S
2016-08-18 00:00:00;MUN;V;OLIMPíADAS RIO 2016;S
2016-08-22 00:00:00;MUN;V;OLIMPíADAS RIO 2016;S
2016-09-07 00:00:00;NAC;F;INDEPENDÊNCIA DO BRASIL;S
2016-10-12 00:00:00;NAC;F;NOSSA SENHORA APARECIDA;S
2016-11-02 00:00:00;NAC;F;FINADOS;S
2016-11-15 00:00:00;NAC;F;PROCLAMAÇÃO DA REPÚBLICA;S
2016-11-20 00:00:00;MUN;F;DIA DA CONSCIÊNCIA NEGRA;S
2016-11-30 00:00:00;MUN;F;DIA NACIONAL DO EVANGÉLICO;S
2016-12-25 00:00:00;NAC;F;NATAL;S
2017-01-01 00:00:00;NAC;F;CONFRATERNIZAÇÃO MUNDIAL;S
2017-01-20 00:00:00;MUN;F;SÃO SEBASTIÃO;S
2017-01-25 00:00:00;MUN;F;ANIVERSÁRIO DE SÃO PAULO;S
2017-02-27 00:00:00;NAC;F;CARNAVAL;S
2017-02-28 00:00:00;NAC;F;CARNAVAL;S
2017-04-14 00:00:00;NAC;F;PAIXÃO DE CRISTO;S
2017-04-21 00:00:00;NAC;F;TIRADENTES;S
2017-04-23 00:00:00;MUN;F;SÃO JORGE;S
2017-05-01 00:00:00;NAC;F;DIA DO TRABALHO;S
2017-06-15 00:00:00;NAC;V;CORPUS CHRISTI;S
2017-07-09 00:00:00;MUN;F;REVOLUÇÃO DE 1932;S
2017-09-07 00:00:00;NAC;F;INDEPEDÊNCIA DO BRASIL;S
2017-10-12 00:00:00;NAC;F;NOSSA SENHORA APARECIDA;S
2017-10-28 00:00:00;NAC;F;DIA DO SERVIDOR PÚBLICO;N
2017-11-02 00:00:00;NAC;F;FINADOS;S
2017-11-15 00:00:00;NAC;F;PROCLAMAÇÃO DA REPÚBLICA;S
2017-11-20 00:00:00;MUN;F;DIA DA CONSCIÊNCIA NEGRA;S
2017-11-30 00:00:00;MUN;F;DIA NACIONAL DO EVANGÉLICO;S
2017-12-25 00:00:00;NAC;F;NATAL;S
2018-01-01 00:00:00;NAC;F;CONFRATERNIZAÇÃO UNIVERSAL;S
2018-01-20 00:00:00;MUN;F;SÃO SEBASTIÃO;S
2018-01-25 00:00:00;MUN;F;ANIVERSÁRIO DE SÃO PAULO;S
2018-02-12 00:00:00;NAC;F;CARNAVAL;S
2018-02-13 00:00:00;NAC;F;CARNAVAL;S
2018-03-30 00:00:00;NAC;V;PAIXÃO DE CRISTO;S
2018-04-21 00:00:00;NAC;F;TIRADENTES;S
2018-04-23 00:00:00;MUN;F;SÃO JORGE;S
2018-05-01 00:00:00;NAC;F;DIA DO TRABALHO;S
2018-05-31 00:00:00;NAC;V;CORPUS CHRISTI;S
2018-07-09 00:00:00;MUN;F;REVOLUÇÃO DE 1932;S
2018-09-07 00:00:00;NAC;F;INDEPENDÊNCIA DO BRASIL;S
2018-10-12 00:00:00;NAC;F;NOSSA SENHORA APARECIDA;S
2018-10-28 00:00:00;NAC;F;DIA DO SERVIDOR PÚBLICO;S
2018-11-02 00:00:00;NAC;F;FINADOS;S
2018-11-15 00:00:00;NAC;F;PROCLAMAÇÃO DA REPÚBLICA;S
2018-11-20 00:00:00;MUN;F;DIA DA CONSCIÊNCIA NEGRA;S
2018-11-30 00:00:00;MUN;F;DIA NACIONAL DO EVANGÉLICO;S
2018-12-25 00:00:00;NAC;F;NATAL;S
2019-01-01 00:00:00;NAC;F;CONFRATERNIZAÇÃO UNIVERSAL;S
2019-01-20 00:00:00;MUN;F;SÃO SEBASTIÃO;S
2019-01-25 00:00:00;MUN;F;ANIVERSÁRIO DE SÃO PAULO;S
2019-03-04 00:00:00;NAC;V;CARNAVAL;S
2019-03-05 00:00:00;NAC;V;CARNAVAL;S
2019-04-19 00:00:00;NAC;V;PAIXÃO DE CRISTO;S
2019-04-21 00:00:00;NAC;F;TIRADENTES;S
2019-04-23 00:00:00;MUN;F;SÃO JORGE;S
2019-05-01 00:00:00;NAC;F;DIA DO TRABALHO;S
2019-06-20 00:00:00;NAC;V;CORPUS CHRISTI;S
2019-07-09 00:00:00;MUN;F;REVOLUÇÃO DE 1932;S
2019-09-07 00:00:00;NAC;F;INDEPÊNDENCIA DO BRASIL;S
2019-10-12 00:00:00;NAC;F;NOSSA SENHORA APARECIDA;S
2019-11-02 00:00:00;NAC;F;FINADOS;S
2019-11-15 00:00:00;NAC;F;PROCLAMAÇÃO DA REPÚBLICA;S
2019-11-20 00:00:00;MUN;F;DIA DA CONSCIÊNCIA NEGRA;S
2019-12-25 00:00:00;NAC;F;NATAL;S
2020-01-01 00:00:00;NAC;F;CONFRATERNIZAÇÃO UNIVERSAL;S
2020-01-20 00:00:00;MUN;F;SÃO SEBASTIÃO;S
2020-01-25 00:00:00;MUN;F;ANIVERSÁRIO DE SÃO PAULO;S
2020-02-24 00:00:00;NAC;F;CARNAVAL;S
2020-02-25 00:00:00;NAC;F;CARNAVAL;S
2020-04-10 00:00:00;NAC;V;PAIXÃO DE CRISTO;S
2020-04-21 00:00:00;NAC;F;TIRADENTES;S
2020-04-23 00:00:00;MUN;F;SÃO JORGE;S
2020-05-01 00:00:00;NAC;F;DIA MUNDIAL DO TRABALHO;S
2020-05-20 00:00:00;MUN;V;CORPUS CHISITI;N
2020-05-21 00:00:00;MUN;V;DIA DA CONSCIÊNCIA NEGRA;S
2020-05-25 00:00:00;MUN;V;REVOLUÇÃO DE 1932;S
2020-06-11 00:00:00;MUN;F;CORPUS CHRISTI;S
2020-09-07 00:00:00;NAC;F;INDEPENDÊNCIA DO BRASIL;S
2020-10-12 00:00:00;NAC;F;NOSSA SENHORA APARECIDA;S
2020-11-02 00:00:00;NAC;F;FINADOS;S
2020-11-15 00:00:00;NAC;F;PROCLAMAÇÃO DA REPÚBLICA;S
2020-11-20 00:00:00;MUN;F;CONSCIÊNCIA NEGRA;S
2020-12-25 00:00:00;NAC;F;NATAL;S
2021-01-01 00:00:00;NAC;F;CONFRATERNIZAÇÃO UNIVERSAL;S
2021-01-20 00:00:00;MUN;F;SÃO SEBASTIÃO;S
2021-01-25 00:00:00;MUN;F;ANIVERSÁRIO DE SÃO PAULO;S
2021-02-15 00:00:00;NAC;V;CARNAVAL;S
2021-02-16 00:00:00;NAC;V;CARNAVAL;S
2021-03-30 00:00:00;MUN;V;FERIADO MUNICIPAL;N
2021-04-02 00:00:00;NAC;V;PAIXÃO DE CRISTO;S
2021-04-21 00:00:00;NAC;F;TIRADENTES;S
2021-05-01 00:00:00;NAC;F;DIA MUNDIAL  DO TRABALHO;S
2021-06-03 00:00:00;NAC;V;CORPUS CHRISTI;S
2021-09-07 00:00:00;NAC;F;INDEPENDÊNCIA DO BRASIL;S
2021-10-12 00:00:00;NAC;F;NOSSA SENHORA APARECIDA;S
2021-11-02 00:00:00;NAC;F;FINADOS;S
2021-11-15 00:00:00;NAC;F;PROCLAMAÇÃO DA REPÚBLICA;S
2021-12-25 00:00:00;NAC;F;NATAL;S
