﻿PK_RESP_PERG;DS_RESP;FK_PERG;NR_ORDEM
1;Extremamente Satisfeito;1;1
2;"Muito Satisfeito ";1;2
3;"Satisfeito ";1;3
4;"Insatisfeito ";1;4
5;"Muito Insatisfeito ";1;5
6;Extremamente Satisfeito;2;1
7;"Muito Satisfeito ";2;2
8;"Satisfeito ";2;3
9;"Insatisfeito ";2;4
10;"Muito Insatisfeito ";2;5
11;Concordo totalmente;4;1
12;Mais concordo do que discordo;4;2
13;Não sei responder esta questão;4;3
14;Mais discordo do que concordo;4;4
15;Discordo totalmente;4;5
16;Concordo totalmente;5;1
17;Mais concordo do que discordo;5;2
18;Não sei responder esta questão;5;3
19;Mais discordo do que concordo;5;4
20;Discordo totalmente;5;5
21;Concordo totalmente;6;1
22;Mais concordo do que discordo;6;2
23;Não sei responder esta questão;6;3
24;Mais discordo do que concordo;6;4
25;Discordo totalmente;6;5
26;Concordo totalmente;7;1
27;Mais concordo do que discordo;7;2
28;Não sei responder esta questão;7;3
29;Mais discordo do que concordo;7;4
30;Discordo totalmente;7;5
31;Não realizada;9;NULL
32;Não aplicável;9;NULL
33;Não conforme;9;NULL
34;Parcialmente conforme;9;NULL
35;Totalmente conforme;9;NULL
36;Não realizada;10;NULL
37;Não aplicável;10;NULL
38;Não conforme;10;NULL
39;Parcialmente conforme;10;NULL
40;Totalmente conforme;10;NULL
41;Não realizada;11;NULL
42;Não aplicável;11;NULL
43;Não conforme;11;NULL
44;Parcialmente conforme;11;NULL
45;Totalmente conforme;11;NULL
46;Não realizada;12;NULL
47;Não aplicável;12;NULL
48;Não conforme;12;NULL
49;Parcialmente conforme;12;NULL
50;Totalmente conforme;12;NULL
56;Não realizada;14;NULL
57;Não aplicável;14;NULL
58;Não conforme;14;NULL
59;Parcialmente conforme;14;NULL
60;Totalmente conforme;14;NULL
61;Não realizada;15;NULL
62;Não aplicável;15;NULL
63;Não conforme;15;NULL
64;Parcialmente conforme;15;NULL
65;Totalmente conforme;15;NULL
66;Não realizada;16;NULL
67;Não aplicável;16;NULL
68;Não conforme;16;NULL
69;Parcialmente conforme;16;NULL
70;Totalmente conforme;16;NULL
76;Não realizada;18;NULL
77;Não aplicável;18;NULL
78;Não conforme;18;NULL
79;Parcialmente conforme;18;NULL
80;Totalmente conforme;18;NULL
96;Não realizada;20;NULL
97;Não aplicável;20;NULL
98;Não conforme;20;NULL
99;Parcialmente conforme;20;NULL
100;Totalmente conforme;20;NULL
106;Não realizada;22;NULL
107;Não aplicável;22;NULL
108;Não conforme;22;NULL
109;Parcialmente conforme;22;NULL
110;Totalmente conforme;22;NULL
111;Não realizada;23;NULL
112;Não aplicável;23;NULL
113;Não conforme;23;NULL
114;Parcialmente conforme;23;NULL
115;Totalmente conforme;23;NULL
116;Não realizada;24;NULL
117;Não aplicável;24;NULL
118;Não conforme;24;NULL
119;Parcialmente conforme;24;NULL
120;Totalmente conforme;24;NULL
121;Não realizada;25;NULL
122;Não aplicável;25;NULL
123;Não conforme;25;NULL
124;Parcialmente conforme;25;NULL
125;Totalmente conforme;25;NULL
126;Não realizada;26;NULL
127;Não aplicável;26;NULL
128;Não conforme;26;NULL
129;Parcialmente conforme;26;NULL
130;Totalmente conforme;26;NULL
131;Sim, estando a norma já vigente;27;1
132;Sim, tendo de ser completada em até 3 meses;27;2
133;Sim, tendo de ser completada em até 6 meses;27;3
134;Sim, tendo de ser completada em até 12 meses;27;4
135;Não, a demanda não possui prazo normativo para sua implementação.;27;5
136;Sim, sendo o desempenho mensurável por indicador estratégico constante do Plano Estratégico Institucional;28;1
137;Sim, sendo o desempenho mensurável por indicador operacional constante da portaria anual de indicadores;28;2
138;Sim, sendo o desempenho mensurável por indicador constante de Plano de Trabalho da Unidade;28;3
139;Sim, não sendo, contudo, possível estimar numericamente o aumento de desempenho que decorrerá da implementação da demanda;28;4
140;Não, a demanda, quando atendida, não promoverá melhoria objetivamente mensurável;28;5
141;Sim, conta com apoio técnico e financeiro;29;1
142;Sim, conta apenas com apoio técnico;29;2
143;Sim, conta apenas com apoio financeiro;29;3
144;Não, não conta com apoio presente, mas viabiliza apoio futuro;29;4
145;Não, a demanda não conta com apoio presente e não viabiliza apoio futuro;29;5
146;Sim, sendo a redução de custo em 1 ano superior a R$ 600 mil ou o aumento de capacidade operacional superior a 1.600 horas em 1 ano;30;1
147;Sim, sendo a redução de custo em 1 ano superior a R$ 300 mil ou o aumento de capacidade operacional superior a 800 horas em 1 ano;30;2
148;Sim, sendo a redução de custo em 1 ano superior a R$ 150 mil ou o aumento de capacidade operacional superior a 400 horas em 1 ano;30;3
149;Sim, havendo indícios de redução de custos ou aumento de capacidade operacional, contudo, não sendo possível mensurá-los;30;4
150;Não, não há estudo que conclua pela redução de custos ou aumento da capacidade operacional;30;5
151;Sim, os processos de trabalho estão estabilizados, não havendo perspectivas de mudança;31;1
152;Não, os processos de trabalho podem ser alterados pontualmente e tal decisão depende apenas da superintendência requisitante;31;2
153;Não, os processos de trabalho podem ser alterados pontualmente e tal decisão depende de mais de uma superintendência;31;3
154;Não, os processos de trabalho podem ser alterados profundamente e tal decisão depende apenas da superintendência requisitante;31;4
155;Não, os processos de trabalho podem ser alterados profundamente e tal decisão depende de mais de uma superintendência;31;5
156;Entre 0PF e 10PF;32;1
157;Entre 11PF e 30PF;32;2
158;Entre 31PF e 60PF;32;3
159;Entre 61PF e 120PF;32;4
160;Mais do que 120PF;32;5
161;Desativa sistema legado completamente;33;1
162;Desativa sistema legado parcialmente;33;2
163;Não possui qualquer relação com sistema legado;33;3
164;Realiza manutenção pontual em sistema legado;33;4
165;Realiza manutenção profunda em sistema legado;33;5
166;Utiliza tecnologia padrão para a qual se tem capacitação e muita experiência;34;1
167;Utiliza tecnologia nova para a qual a CVM tem capacitação, mas pouca experiência;34;2
168;Utiliza tecnologia nova para a qual a CVM tem capacitação, mas nenhuma experiência;34;3
169;Utiliza tecnologia nova para a qual a CVM não tem nem capacitação, nem experiência;34;4
170;Utiliza tecnologia que é nova para a CVM e nova também para o mercado;34;5
