﻿PK_USUARIO;DS_LOGIN;TP_USUARIO
1;Weber;NULL
2;Nelson;NULL
3;Bruno;NULL
4;Lauro;NULL
5;Valdir;NULL
6;Geraldo;NULL
7;Yone;NULL
8;Joca;NULL
9;Ana;NULL
10;Login de Usuário Não Analista do SCD;NULL
11;Rui;NULL
12;Valter;NULL
13;Vitoria;NULL
14;Elton;NULL
15;Fernando;NULL
16;Login de Usuário Não Analista do SCD;NULL
19;Login de Usuário Não Analista do SCD;NULL
23;Login de Usuário Não Analista do SCD;NULL
24;Login de Usuário Não Analista do SCD;NULL
25;Login de Usuário Não Analista do SCD;NULL
26;Login de Usuário Não Analista do SCD;NULL
27;Login de Usuário Não Analista do SCD;NULL
28;Login de Usuário Não Analista do SCD;NULL
29;Login de Usuário Não Analista do SCD;NULL
30;Login de Usuário Não Analista do SCD;NULL
31;Login de Usuário Não Analista do SCD;NULL
32;Login de Usuário Não Analista do SCD;NULL
33;Login de Usuário Não Analista do SCD;NULL
36;Login de Usuário Não Analista do SCD;NULL
38;Login de Usuário Não Analista do SCD;NULL
42;Login de Usuário Não Analista do SCD;NULL
43;Login de Usuário Não Analista do SCD;NULL
44;Login de Usuário Não Analista do SCD;NULL
45;Login de Usuário Não Analista do SCD;NULL
46;Login de Usuário Não Analista do SCD;NULL
47;Login de Usuário Não Analista do SCD;NULL
48;Login de Usuário Não Analista do SCD;NULL
49;Login de Usuário Não Analista do SCD;NULL
50;Login de Usuário Não Analista do SCD;NULL
51;Login de Usuário Não Analista do SCD;NULL
52;Login de Usuário Não Analista do SCD;NULL
53;Login de Usuário Não Analista do SCD;NULL
54;Login de Usuário Não Analista do SCD;NULL
56;Mariano;NULL
68;Login de Usuário Não Analista do SCD;NULL
69;Login de Usuário Não Analista do SCD;NULL
70;Login de Usuário Não Analista do SCD;NULL
71;Login de Usuário Não Analista do SCD;NULL
72;Login de Usuário Não Analista do SCD;NULL
73;Login de Usuário Não Analista do SCD;NULL
74;Login de Usuário Não Analista do SCD;NULL
75;Login de Usuário Não Analista do SCD;NULL
76;Login de Usuário Não Analista do SCD;NULL
77;Login de Usuário Não Analista do SCD;NULL
78;Login de Usuário Não Analista do SCD;NULL
79;Login de Usuário Não Analista do SCD;NULL
80;Login de Usuário Não Analista do SCD;NULL
81;Login de Usuário Não Analista do SCD;NULL
82;Login de Usuário Não Analista do SCD;NULL
83;Login de Usuário Não Analista do SCD;NULL
84;Login de Usuário Não Analista do SCD;NULL
85;Login de Usuário Não Analista do SCD;NULL
86;Mario;NULL
87;Login de Usuário Não Analista do SCD;NULL
88;Login de Usuário Não Analista do SCD;NULL
89;Login de Usuário Não Analista do SCD;NULL
90;Login de Usuário Não Analista do SCD;NULL
91;Login de Usuário Não Analista do SCD;NULL
92;Login de Usuário Não Analista do SCD;NULL
93;Login de Usuário Não Analista do SCD;NULL
94;Login de Usuário Não Analista do SCD;NULL
95;Login de Usuário Não Analista do SCD;NULL
96;Login de Usuário Não Analista do SCD;NULL
97;Login de Usuário Não Analista do SCD;NULL
98;Login de Usuário Não Analista do SCD;NULL
99;Login de Usuário Não Analista do SCD;NULL
100;Login de Usuário Não Analista do SCD;NULL
101;Login de Usuário Não Analista do SCD;NULL
102;Login de Usuário Não Analista do SCD;NULL
103;Login de Usuário Não Analista do SCD;NULL
104;Login de Usuário Não Analista do SCD;NULL
105;Login de Usuário Não Analista do SCD;NULL
106;Login de Usuário Não Analista do SCD;NULL
107;Login de Usuário Não Analista do SCD;NULL
108;Login de Usuário Não Analista do SCD;NULL
109;Login de Usuário Não Analista do SCD;NULL
110;Login de Usuário Não Analista do SCD;NULL
111;Login de Usuário Não Analista do SCD;NULL
112;Login de Usuário Não Analista do SCD;NULL
113;Login de Usuário Não Analista do SCD;NULL
114;Login de Usuário Não Analista do SCD;NULL
115;Login de Usuário Não Analista do SCD;NULL
116;Login de Usuário Não Analista do SCD;NULL
117;Login de Usuário Não Analista do SCD;NULL
118;Login de Usuário Não Analista do SCD;NULL
119;Login de Usuário Não Analista do SCD;NULL
121;Login de Usuário Não Analista do SCD;NULL
122;Login de Usuário Não Analista do SCD;NULL
123;Login de Usuário Não Analista do SCD;NULL
124;Login de Usuário Não Analista do SCD;NULL
125;Login de Usuário Não Analista do SCD;NULL
126;Login de Usuário Não Analista do SCD;NULL
127;Login de Usuário Não Analista do SCD;NULL
128;Login de Usuário Não Analista do SCD;NULL
129;Login de Usuário Não Analista do SCD;NULL
130;Login de Usuário Não Analista do SCD;NULL
131;Login de Usuário Não Analista do SCD;NULL
132;Login de Usuário Não Analista do SCD;NULL
133;Login de Usuário Não Analista do SCD;NULL
134;Login de Usuário Não Analista do SCD;NULL
135;Login de Usuário Não Analista do SCD;NULL
136;Login de Usuário Não Analista do SCD;NULL
137;Login de Usuário Não Analista do SCD;NULL
138;Login de Usuário Não Analista do SCD;NULL
139;Login de Usuário Não Analista do SCD;NULL
140;Login de Usuário Não Analista do SCD;NULL
141;Login de Usuário Não Analista do SCD;NULL
142;Login de Usuário Não Analista do SCD;NULL
143;Login de Usuário Não Analista do SCD;NULL
144;Login de Usuário Não Analista do SCD;NULL
145;Login de Usuário Não Analista do SCD;NULL
146;Login de Usuário Não Analista do SCD;NULL
147;Login de Usuário Não Analista do SCD;NULL
148;Login de Usuário Não Analista do SCD;NULL
149;Login de Usuário Não Analista do SCD;NULL
150;Login de Usuário Não Analista do SCD;NULL
151;Login de Usuário Não Analista do SCD;NULL
152;Login de Usuário Não Analista do SCD;NULL
153;Login de Usuário Não Analista do SCD;NULL
154;Login de Usuário Não Analista do SCD;NULL
155;Login de Usuário Não Analista do SCD;NULL
156;Login de Usuário Não Analista do SCD;NULL
157;Login de Usuário Não Analista do SCD;NULL
158;Login de Usuário Não Analista do SCD;NULL
159;Login de Usuário Não Analista do SCD;NULL
160;Login de Usuário Não Analista do SCD;NULL
161;Login de Usuário Não Analista do SCD;NULL
162;Login de Usuário Não Analista do SCD;NULL
163;Login de Usuário Não Analista do SCD;NULL
164;Login de Usuário Não Analista do SCD;NULL
165;Login de Usuário Não Analista do SCD;NULL
166;Login de Usuário Não Analista do SCD;NULL
167;Login de Usuário Não Analista do SCD;NULL
168;Login de Usuário Não Analista do SCD;NULL
169;Login de Usuário Não Analista do SCD;NULL
170;Login de Usuário Não Analista do SCD;NULL
171;Login de Usuário Não Analista do SCD;NULL
172;Login de Usuário Não Analista do SCD;NULL
173;Login de Usuário Não Analista do SCD;NULL
174;Login de Usuário Não Analista do SCD;NULL
175;Login de Usuário Não Analista do SCD;NULL
176;Login de Usuário Não Analista do SCD;NULL
177;Login de Usuário Não Analista do SCD;NULL
178;Login de Usuário Não Analista do SCD;NULL
179;Login de Usuário Não Analista do SCD;NULL
180;Login de Usuário Não Analista do SCD;NULL
181;Login de Usuário Não Analista do SCD;NULL
182;Login de Usuário Não Analista do SCD;NULL
183;Login de Usuário Não Analista do SCD;NULL
184;Login de Usuário Não Analista do SCD;NULL
185;Login de Usuário Não Analista do SCD;NULL
186;Login de Usuário Não Analista do SCD;NULL
187;Login de Usuário Não Analista do SCD;NULL
188;Login de Usuário Não Analista do SCD;NULL
189;Login de Usuário Não Analista do SCD;NULL
190;Login de Usuário Não Analista do SCD;NULL
191;Login de Usuário Não Analista do SCD;NULL
192;Login de Usuário Não Analista do SCD;NULL
193;Login de Usuário Não Analista do SCD;NULL
194;Login de Usuário Não Analista do SCD;NULL
195;Login de Usuário Não Analista do SCD;NULL
196;Login de Usuário Não Analista do SCD;NULL
197;Login de Usuário Não Analista do SCD;NULL
198;Login de Usuário Não Analista do SCD;NULL
199;Login de Usuário Não Analista do SCD;NULL
200;Login de Usuário Não Analista do SCD;NULL
201;Login de Usuário Não Analista do SCD;NULL
202;Login de Usuário Não Analista do SCD;NULL
203;Login de Usuário Não Analista do SCD;NULL
204;Login de Usuário Não Analista do SCD;NULL
205;Login de Usuário Não Analista do SCD;NULL
206;Login de Usuário Não Analista do SCD;NULL
207;Login de Usuário Não Analista do SCD;NULL
208;Login de Usuário Não Analista do SCD;NULL
209;Login de Usuário Não Analista do SCD;NULL
210;Login de Usuário Não Analista do SCD;NULL
211;Login de Usuário Não Analista do SCD;NULL
212;Login de Usuário Não Analista do SCD;NULL
213;Login de Usuário Não Analista do SCD;NULL
214;Login de Usuário Não Analista do SCD;NULL
215;Login de Usuário Não Analista do SCD;NULL
216;Login de Usuário Não Analista do SCD;NULL
217;Login de Usuário Não Analista do SCD;NULL
218;Login de Usuário Não Analista do SCD;NULL
219;Login de Usuário Não Analista do SCD;NULL
220;Login de Usuário Não Analista do SCD;NULL
221;Login de Usuário Não Analista do SCD;NULL
222;Login de Usuário Não Analista do SCD;NULL
223;Login de Usuário Não Analista do SCD;NULL
224;Login de Usuário Não Analista do SCD;NULL
225;Login de Usuário Não Analista do SCD;NULL
226;Login de Usuário Não Analista do SCD;NULL
227;Login de Usuário Não Analista do SCD;NULL
228;Login de Usuário Não Analista do SCD;NULL
229;Login de Usuário Não Analista do SCD;NULL
230;Login de Usuário Não Analista do SCD;NULL
231;Login de Usuário Não Analista do SCD;NULL
232;Login de Usuário Não Analista do SCD;NULL
233;Login de Usuário Não Analista do SCD;NULL
234;Login de Usuário Não Analista do SCD;NULL
235;Login de Usuário Não Analista do SCD;NULL
236;Login de Usuário Não Analista do SCD;NULL
237;Login de Usuário Não Analista do SCD;NULL
238;Login de Usuário Não Analista do SCD;NULL
239;Login de Usuário Não Analista do SCD;NULL
240;Login de Usuário Não Analista do SCD;NULL
241;Login de Usuário Não Analista do SCD;NULL
242;Login de Usuário Não Analista do SCD;NULL
243;Login de Usuário Não Analista do SCD;NULL
244;Login de Usuário Não Analista do SCD;NULL
245;Login de Usuário Não Analista do SCD;NULL
246;Login de Usuário Não Analista do SCD;NULL
247;Login de Usuário Não Analista do SCD;NULL
248;Login de Usuário Não Analista do SCD;NULL
249;Login de Usuário Não Analista do SCD;NULL
250;Login de Usuário Não Analista do SCD;NULL
251;Login de Usuário Não Analista do SCD;NULL
252;Login de Usuário Não Analista do SCD;NULL
253;Login de Usuário Não Analista do SCD;NULL
254;Login de Usuário Não Analista do SCD;NULL
255;Login de Usuário Não Analista do SCD;NULL
256;Login de Usuário Não Analista do SCD;NULL
257;Login de Usuário Não Analista do SCD;NULL
258;Login de Usuário Não Analista do SCD;NULL
259;Login de Usuário Não Analista do SCD;NULL
260;Login de Usuário Não Analista do SCD;NULL
261;Login de Usuário Não Analista do SCD;NULL
262;Login de Usuário Não Analista do SCD;NULL
263;Login de Usuário Não Analista do SCD;NULL
264;Login de Usuário Não Analista do SCD;NULL
265;Login de Usuário Não Analista do SCD;NULL
266;Login de Usuário Não Analista do SCD;NULL
267;Login de Usuário Não Analista do SCD;NULL
268;Login de Usuário Não Analista do SCD;NULL
269;Login de Usuário Não Analista do SCD;NULL
270;Login de Usuário Não Analista do SCD;NULL
271;Login de Usuário Não Analista do SCD;NULL
272;Login de Usuário Não Analista do SCD;NULL
273;Login de Usuário Não Analista do SCD;NULL
274;Login de Usuário Não Analista do SCD;NULL
275;Login de Usuário Não Analista do SCD;NULL
276;Login de Usuário Não Analista do SCD;NULL
277;Login de Usuário Não Analista do SCD;NULL
278;Login de Usuário Não Analista do SCD;NULL
279;Login de Usuário Não Analista do SCD;NULL
280;Login de Usuário Não Analista do SCD;NULL
281;Login de Usuário Não Analista do SCD;NULL
282;Login de Usuário Não Analista do SCD;NULL
283;Login de Usuário Não Analista do SCD;NULL
284;Login de Usuário Não Analista do SCD;NULL
285;Login de Usuário Não Analista do SCD;NULL
286;Login de Usuário Não Analista do SCD;NULL
287;Login de Usuário Não Analista do SCD;NULL
288;Login de Usuário Não Analista do SCD;NULL
289;Login de Usuário Não Analista do SCD;2
291;Login de Usuário Não Analista do SCD;NULL
292;Login de Usuário Não Analista do SCD;NULL
293;Login de Usuário Não Analista do SCD;NULL
294;Login de Usuário Não Analista do SCD;NULL
295;Login de Usuário Não Analista do SCD;NULL
296;Login de Usuário Não Analista do SCD;NULL
297;Login de Usuário Não Analista do SCD;NULL
298;Login de Usuário Não Analista do SCD;NULL
299;Login de Usuário Não Analista do SCD;NULL
300;Login de Usuário Não Analista do SCD;NULL
301;Login de Usuário Não Analista do SCD;NULL
302;Login de Usuário Não Analista do SCD;NULL
303;Login de Usuário Não Analista do SCD;NULL
304;Login de Usuário Não Analista do SCD;NULL
305;Login de Usuário Não Analista do SCD;NULL
306;Login de Usuário Não Analista do SCD;NULL
307;Login de Usuário Não Analista do SCD;NULL
308;Login de Usuário Não Analista do SCD;2
309;Login de Usuário Não Analista do SCD;NULL
310;Login de Usuário Não Analista do SCD;NULL
311;Login de Usuário Não Analista do SCD;NULL
312;Login de Usuário Não Analista do SCD;1
313;Login de Usuário Não Analista do SCD;1
314;Login de Usuário Não Analista do SCD;NULL
315;Login de Usuário Não Analista do SCD;1
316;Login de Usuário Não Analista do SCD;1
317;Login de Usuário Não Analista do SCD;1
318;Login de Usuário Não Analista do SCD;1
319;Murilo;1
320;Login de Usuário Não Analista do SCD;1
321;Login de Usuário Não Analista do SCD;NULL
322;Login de Usuário Não Analista do SCD;1
323;Login de Usuário Não Analista do SCD;1
324;Login de Usuário Não Analista do SCD;1
325;Login de Usuário Não Analista do SCD;1
326;Login de Usuário Não Analista do SCD;1
327;Login de Usuário Não Analista do SCD;1
328;Login de Usuário Não Analista do SCD;1
329;Login de Usuário Não Analista do SCD;2
330;Login de Usuário Não Analista do SCD;1
331;Login de Usuário Não Analista do SCD;1
332;Login de Usuário Não Analista do SCD;1
333;Login de Usuário Não Analista do SCD;2
334;Login de Usuário Não Analista do SCD;1
335;Login de Usuário Não Analista do SCD;1
336;Login de Usuário Não Analista do SCD;1
337;Login de Usuário Não Analista do SCD;NULL
338;Login de Usuário Não Analista do SCD;NULL
339;Login de Usuário Não Analista do SCD;1
340;Login de Usuário Não Analista do SCD;1
341;Login de Usuário Não Analista do SCD;1
342;Login de Usuário Não Analista do SCD;1
343;Login de Usuário Não Analista do SCD;1
344;Login de Usuário Não Analista do SCD;1
345;Login de Usuário Não Analista do SCD;1
346;Login de Usuário Não Analista do SCD;1
347;Login de Usuário Não Analista do SCD;1
349;Login de Usuário Não Analista do SCD;1
351;Login de Usuário Não Analista do SCD;1
353;Login de Usuário Não Analista do SCD;1
355;Login de Usuário Não Analista do SCD;1
356;Login de Usuário Não Analista do SCD;NULL
357;Login de Usuário Não Analista do SCD;NULL
358;Login de Usuário Não Analista do SCD;2
359;Login de Usuário Não Analista do SCD;NULL
360;Login de Usuário Não Analista do SCD;NULL
361;Login de Usuário Não Analista do SCD;2
363;Login de Usuário Não Analista do SCD;2
364;Login de Usuário Não Analista do SCD;2
365;Login de Usuário Não Analista do SCD;2
367;Login de Usuário Não Analista do SCD;2
368;Login de Usuário Não Analista do SCD;2
369;Login de Usuário Não Analista do SCD;2
370;Login de Usuário Não Analista do SCD;2
371;Login de Usuário Não Analista do SCD;2
374;Login de Usuário Não Analista do SCD;2
375;Login de Usuário Não Analista do SCD;2
376;Login de Usuário Não Analista do SCD;2
378;Login de Usuário Não Analista do SCD;2
379;Login de Usuário Não Analista do SCD;2
380;Login de Usuário Não Analista do SCD;2
381;Login de Usuário Não Analista do SCD;2
382;Login de Usuário Não Analista do SCD;2
383;Login de Usuário Não Analista do SCD;2
384;Login de Usuário Não Analista do SCD;2
385;Login de Usuário Não Analista do SCD;2
388;Login de Usuário Não Analista do SCD;2
389;Login de Usuário Não Analista do SCD;2
390;Login de Usuário Não Analista do SCD;2
392;Login de Usuário Não Analista do SCD;2
393;Login de Usuário Não Analista do SCD;2
395;Login de Usuário Não Analista do SCD;2
396;Login de Usuário Não Analista do SCD;2
397;Login de Usuário Não Analista do SCD;2
398;Login de Usuário Não Analista do SCD;2
399;Login de Usuário Não Analista do SCD;2
400;Login de Usuário Não Analista do SCD;2
401;Login de Usuário Não Analista do SCD;2
402;Login de Usuário Não Analista do SCD;2
404;Login de Usuário Não Analista do SCD;2
405;Login de Usuário Não Analista do SCD;2
407;Login de Usuário Não Analista do SCD;2
409;Login de Usuário Não Analista do SCD;2
412;Login de Usuário Não Analista do SCD;2
413;Login de Usuário Não Analista do SCD;2
415;Login de Usuário Não Analista do SCD;2
416;Login de Usuário Não Analista do SCD;2
418;Login de Usuário Não Analista do SCD;2
419;Login de Usuário Não Analista do SCD;2
420;Login de Usuário Não Analista do SCD;2
421;Login de Usuário Não Analista do SCD;2
423;Login de Usuário Não Analista do SCD;2
424;Login de Usuário Não Analista do SCD;2
425;Login de Usuário Não Analista do SCD;2
426;Login de Usuário Não Analista do SCD;2
428;Login de Usuário Não Analista do SCD;2
430;Login de Usuário Não Analista do SCD;2
432;Login de Usuário Não Analista do SCD;2
434;Login de Usuário Não Analista do SCD;2
436;Login de Usuário Não Analista do SCD;2
437;Login de Usuário Não Analista do SCD;2
440;Login de Usuário Não Analista do SCD;2
442;Login de Usuário Não Analista do SCD;2
444;Login de Usuário Não Analista do SCD;2
446;Login de Usuário Não Analista do SCD;2
447;Login de Usuário Não Analista do SCD;1
448;Login de Usuário Não Analista do SCD;2
450;Login de Usuário Não Analista do SCD;2
452;Login de Usuário Não Analista do SCD;2
454;Login de Usuário Não Analista do SCD;2
455;Login de Usuário Não Analista do SCD;2
457;Login de Usuário Não Analista do SCD;2
459;Login de Usuário Não Analista do SCD;1
460;Login de Usuário Não Analista do SCD;2
461;Login de Usuário Não Analista do SCD;2
464;Login de Usuário Não Analista do SCD;2
465;Login de Usuário Não Analista do SCD;2
467;Login de Usuário Não Analista do SCD;2
468;Login de Usuário Não Analista do SCD;2
469;Login de Usuário Não Analista do SCD;2
471;Login de Usuário Não Analista do SCD;2
472;Login de Usuário Não Analista do SCD;2
473;Login de Usuário Não Analista do SCD;2
475;Login de Usuário Não Analista do SCD;2
476;Login de Usuário Não Analista do SCD;2
478;Login de Usuário Não Analista do SCD;2
480;Login de Usuário Não Analista do SCD;2
482;Login de Usuário Não Analista do SCD;2
484;Login de Usuário Não Analista do SCD;2
486;Login de Usuário Não Analista do SCD;2
487;Login de Usuário Não Analista do SCD;2
489;Login de Usuário Não Analista do SCD;2
490;Login de Usuário Não Analista do SCD;2
491;Login de Usuário Não Analista do SCD;2
493;Login de Usuário Não Analista do SCD;2
495;Login de Usuário Não Analista do SCD;2
496;Login de Usuário Não Analista do SCD;2
497;Login de Usuário Não Analista do SCD;1
498;Login de Usuário Não Analista do SCD;1
499;Login de Usuário Não Analista do SCD;2
500;Login de Usuário Não Analista do SCD;2
502;Login de Usuário Não Analista do SCD;2
503;Login de Usuário Não Analista do SCD;2
504;Login de Usuário Não Analista do SCD;1
505;Login de Usuário Não Analista do SCD;1
506;Login de Usuário Não Analista do SCD;1
507;Login de Usuário Não Analista do SCD;1
509;Login de Usuário Não Analista do SCD;1
510;Login de Usuário Não Analista do SCD;2
511;Login de Usuário Não Analista do SCD;2
512;Login de Usuário Não Analista do SCD;2
514;Login de Usuário Não Analista do SCD;2
515;Login de Usuário Não Analista do SCD;2
516;Login de Usuário Não Analista do SCD;2
517;Login de Usuário Não Analista do SCD;2
518;Login de Usuário Não Analista do SCD;2
519;Login de Usuário Não Analista do SCD;2
520;Login de Usuário Não Analista do SCD;2
521;Login de Usuário Não Analista do SCD;2
522;Login de Usuário Não Analista do SCD;2
523;Login de Usuário Não Analista do SCD;2
524;Login de Usuário Não Analista do SCD;2
525;Login de Usuário Não Analista do SCD;2
526;Login de Usuário Não Analista do SCD;2
527;Login de Usuário Não Analista do SCD;2
529;Login de Usuário Não Analista do SCD;2
530;Login de Usuário Não Analista do SCD;2
532;Login de Usuário Não Analista do SCD;2
533;Login de Usuário Não Analista do SCD;2
534;Login de Usuário Não Analista do SCD;2
535;Login de Usuário Não Analista do SCD;2
536;Login de Usuário Não Analista do SCD;NULL
537;Login de Usuário Não Analista do SCD;2
539;Login de Usuário Não Analista do SCD;2
540;Login de Usuário Não Analista do SCD;2
541;Login de Usuário Não Analista do SCD;2
542;Login de Usuário Não Analista do SCD;2
544;Login de Usuário Não Analista do SCD;2
545;Login de Usuário Não Analista do SCD;2
547;Login de Usuário Não Analista do SCD;2
548;Login de Usuário Não Analista do SCD;2
554;Login de Usuário Não Analista do SCD;2
555;Login de Usuário Não Analista do SCD;NULL
556;Login de Usuário Não Analista do SCD;NULL
557;Login de Usuário Não Analista do SCD;NULL
558;Login de Usuário Não Analista do SCD;2
559;Login de Usuário Não Analista do SCD;2
560;Login de Usuário Não Analista do SCD;2
561;Login de Usuário Não Analista do SCD;1
562;Login de Usuário Não Analista do SCD;2
564;Login de Usuário Não Analista do SCD;2
565;Login de Usuário Não Analista do SCD;1
566;Login de Usuário Não Analista do SCD;2
568;Login de Usuário Não Analista do SCD;2
569;Login de Usuário Não Analista do SCD;1
570;Login de Usuário Não Analista do SCD;2
571;Login de Usuário Não Analista do SCD;2
572;Login de Usuário Não Analista do SCD;2
574;Login de Usuário Não Analista do SCD;2
576;Login de Usuário Não Analista do SCD;2
577;Login de Usuário Não Analista do SCD;2
578;Login de Usuário Não Analista do SCD;1
579;Login de Usuário Não Analista do SCD;2
580;Login de Usuário Não Analista do SCD;2
581;Login de Usuário Não Analista do SCD;2
582;Login de Usuário Não Analista do SCD;2
583;Login de Usuário Não Analista do SCD;2
584;Login de Usuário Não Analista do SCD;2
585;Login de Usuário Não Analista do SCD;1
586;Login de Usuário Não Analista do SCD;2
588;Login de Usuário Não Analista do SCD;2
589;Login de Usuário Não Analista do SCD;2
591;Login de Usuário Não Analista do SCD;2
593;Login de Usuário Não Analista do SCD;2
594;Login de Usuário Não Analista do SCD;2
595;Login de Usuário Não Analista do SCD;2
596;Login de Usuário Não Analista do SCD;2
597;Login de Usuário Não Analista do SCD;2
598;Login de Usuário Não Analista do SCD;2
599;Login de Usuário Não Analista do SCD;2
600;Login de Usuário Não Analista do SCD;2
602;Login de Usuário Não Analista do SCD;2
603;Login de Usuário Não Analista do SCD;2
605;Login de Usuário Não Analista do SCD;1
606;Login de Usuário Não Analista do SCD;2
607;Login de Usuário Não Analista do SCD;2
609;Login de Usuário Não Analista do SCD;2
610;Login de Usuário Não Analista do SCD;2
611;Login de Usuário Não Analista do SCD;2
613;Login de Usuário Não Analista do SCD;2
614;Login de Usuário Não Analista do SCD;2
615;Login de Usuário Não Analista do SCD;2
616;Login de Usuário Não Analista do SCD;2
617;Login de Usuário Não Analista do SCD;2
618;Login de Usuário Não Analista do SCD;2
620;Login de Usuário Não Analista do SCD;2
621;Login de Usuário Não Analista do SCD;1
622;Login de Usuário Não Analista do SCD;2
624;Login de Usuário Não Analista do SCD;2
626;Login de Usuário Não Analista do SCD;2
628;Login de Usuário Não Analista do SCD;2
630;Login de Usuário Não Analista do SCD;2
631;Login de Usuário Não Analista do SCD;2
632;Login de Usuário Não Analista do SCD;2
633;Login de Usuário Não Analista do SCD;2
634;Login de Usuário Não Analista do SCD;2
635;Login de Usuário Não Analista do SCD;2
636;Login de Usuário Não Analista do SCD;2
637;Login de Usuário Não Analista do SCD;2
638;Login de Usuário Não Analista do SCD;2
639;Login de Usuário Não Analista do SCD;1
642;Login de Usuário Não Analista do SCD;1
643;Login de Usuário Não Analista do SCD;2
644;Login de Usuário Não Analista do SCD;2
645;Login de Usuário Não Analista do SCD;2
646;Login de Usuário Não Analista do SCD;2
647;Login de Usuário Não Analista do SCD;1
648;Login de Usuário Não Analista do SCD;2
649;Login de Usuário Não Analista do SCD;2
650;Login de Usuário Não Analista do SCD;2
651;Login de Usuário Não Analista do SCD;NULL
652;Login de Usuário Não Analista do SCD;2
653;Login de Usuário Não Analista do SCD;1
654;Login de Usuário Não Analista do SCD;NULL
655;Login de Usuário Não Analista do SCD;2
656;Login de Usuário Não Analista do SCD;1
657;Login de Usuário Não Analista do SCD;1
658;Login de Usuário Não Analista do SCD;2
659;Login de Usuário Não Analista do SCD;2
660;Login de Usuário Não Analista do SCD;2
661;Login de Usuário Não Analista do SCD;NULL
662;Login de Usuário Não Analista do SCD;2
663;Login de Usuário Não Analista do SCD;2
664;Login de Usuário Não Analista do SCD;2
665;Login de Usuário Não Analista do SCD;2
666;Login de Usuário Não Analista do SCD;2
667;Login de Usuário Não Analista do SCD;1
668;Login de Usuário Não Analista do SCD;2
669;Login de Usuário Não Analista do SCD;2
670;Login de Usuário Não Analista do SCD;2
671;Login de Usuário Não Analista do SCD;2
672;Login de Usuário Não Analista do SCD;2
673;Login de Usuário Não Analista do SCD;2
674;Login de Usuário Não Analista do SCD;2
675;Login de Usuário Não Analista do SCD;2
676;Login de Usuário Não Analista do SCD;2
677;Login de Usuário Não Analista do SCD;2
678;Login de Usuário Não Analista do SCD;2
679;Login de Usuário Não Analista do SCD;2
680;Login de Usuário Não Analista do SCD;2
681;Login de Usuário Não Analista do SCD;1
682;Login de Usuário Não Analista do SCD;2
683;Login de Usuário Não Analista do SCD;1
684;Login de Usuário Não Analista do SCD;1
687;Login de Usuário Não Analista do SCD;2
688;Login de Usuário Não Analista do SCD;2
689;Login de Usuário Não Analista do SCD;2
690;Login de Usuário Não Analista do SCD;2
691;Login de Usuário Não Analista do SCD;2
692;Login de Usuário Não Analista do SCD;1
693;Login de Usuário Não Analista do SCD;2
694;Login de Usuário Não Analista do SCD;2
695;Login de Usuário Não Analista do SCD;2
696;Login de Usuário Não Analista do SCD;2
697;Login de Usuário Não Analista do SCD;2
698;Login de Usuário Não Analista do SCD;2
699;Login de Usuário Não Analista do SCD;2
700;Login de Usuário Não Analista do SCD;2
701;Login de Usuário Não Analista do SCD;2
702;Login de Usuário Não Analista do SCD;2
703;Login de Usuário Não Analista do SCD;2
705;Login de Usuário Não Analista do SCD;2
706;Login de Usuário Não Analista do SCD;2
707;Login de Usuário Não Analista do SCD;2
708;Login de Usuário Não Analista do SCD;2
709;Login de Usuário Não Analista do SCD;1
710;Login de Usuário Não Analista do SCD;2
711;Login de Usuário Não Analista do SCD;2
712;Login de Usuário Não Analista do SCD;1
713;Login de Usuário Não Analista do SCD;1
715;Login de Usuário Não Analista do SCD;2
716;Login de Usuário Não Analista do SCD;2
717;Login de Usuário Não Analista do SCD;2
718;Login de Usuário Não Analista do SCD;1
719;Login de Usuário Não Analista do SCD;2
720;Login de Usuário Não Analista do SCD;1
721;Login de Usuário Não Analista do SCD;2
722;Login de Usuário Não Analista do SCD;2
723;Login de Usuário Não Analista do SCD;1
724;Login de Usuário Não Analista do SCD;1
725;Login de Usuário Não Analista do SCD;1
726;Login de Usuário Não Analista do SCD;2
728;Login de Usuário Não Analista do SCD;2
729;Login de Usuário Não Analista do SCD;1
730;Login de Usuário Não Analista do SCD;2
735;Login de Usuário Não Analista do SCD;2
736;Login de Usuário Não Analista do SCD;2
737;Login de Usuário Não Analista do SCD;1
738;Login de Usuário Não Analista do SCD;2
739;Login de Usuário Não Analista do SCD;2
740;Login de Usuário Não Analista do SCD;2
741;Login de Usuário Não Analista do SCD;2
742;Login de Usuário Não Analista do SCD;2
743;Login de Usuário Não Analista do SCD;2
744;Login de Usuário Não Analista do SCD;2
745;Login de Usuário Não Analista do SCD;1
746;Login de Usuário Não Analista do SCD;2
747;Login de Usuário Não Analista do SCD;2
748;Login de Usuário Não Analista do SCD;2
749;Login de Usuário Não Analista do SCD;2
750;Login de Usuário Não Analista do SCD;2
751;Login de Usuário Não Analista do SCD;2
752;Login de Usuário Não Analista do SCD;2
753;Login de Usuário Não Analista do SCD;2
754;Login de Usuário Não Analista do SCD;2
755;Login de Usuário Não Analista do SCD;2
756;Login de Usuário Não Analista do SCD;2
757;Login de Usuário Não Analista do SCD;1
758;Login de Usuário Não Analista do SCD;2
759;Login de Usuário Não Analista do SCD;2
760;Login de Usuário Não Analista do SCD;2
761;Login de Usuário Não Analista do SCD;1
762;Login de Usuário Não Analista do SCD;1
763;Login de Usuário Não Analista do SCD;1
764;Login de Usuário Não Analista do SCD;2
765;Login de Usuário Não Analista do SCD;2
766;Login de Usuário Não Analista do SCD;NULL
767;Login de Usuário Não Analista do SCD;NULL
768;Login de Usuário Não Analista do SCD;1
769;Login de Usuário Não Analista do SCD;2
770;Login de Usuário Não Analista do SCD;NULL
771;Login de Usuário Não Analista do SCD;1
772;Login de Usuário Não Analista do SCD;2
773;Login de Usuário Não Analista do SCD;1
774;Login de Usuário Não Analista do SCD;2
775;Login de Usuário Não Analista do SCD;2
776;Login de Usuário Não Analista do SCD;1
777;Login de Usuário Não Analista do SCD;2
778;Login de Usuário Não Analista do SCD;2
779;Login de Usuário Não Analista do SCD;2
780;Login de Usuário Não Analista do SCD;2
781;Login de Usuário Não Analista do SCD;1
782;Login de Usuário Não Analista do SCD;2
783;Login de Usuário Não Analista do SCD;2
784;Login de Usuário Não Analista do SCD;1
785;Login de Usuário Não Analista do SCD;2
786;Login de Usuário Não Analista do SCD;NULL
787;Login de Usuário Não Analista do SCD;2
788;Login de Usuário Não Analista do SCD;2
789;Login de Usuário Não Analista do SCD;2
790;Login de Usuário Não Analista do SCD;2
791;Login de Usuário Não Analista do SCD;2
792;Login de Usuário Não Analista do SCD;2
793;Login de Usuário Não Analista do SCD;1
794;Login de Usuário Não Analista do SCD;2
795;Login de Usuário Não Analista do SCD;1
796;Login de Usuário Não Analista do SCD;2
797;Login de Usuário Não Analista do SCD;2
798;Login de Usuário Não Analista do SCD;1
799;Login de Usuário Não Analista do SCD;2
800;Login de Usuário Não Analista do SCD;2
801;Login de Usuário Não Analista do SCD;2
802;Login de Usuário Não Analista do SCD;1
803;Login de Usuário Não Analista do SCD;2
804;Login de Usuário Não Analista do SCD;2
805;Login de Usuário Não Analista do SCD;2
806;Login de Usuário Não Analista do SCD;2
807;Login de Usuário Não Analista do SCD;2
808;Login de Usuário Não Analista do SCD;2
809;Login de Usuário Não Analista do SCD;2
810;Login de Usuário Não Analista do SCD;2
811;Login de Usuário Não Analista do SCD;2
812;Login de Usuário Não Analista do SCD;2
813;Login de Usuário Não Analista do SCD;1
814;Login de Usuário Não Analista do SCD;2
815;Login de Usuário Não Analista do SCD;2
816;Login de Usuário Não Analista do SCD;2
817;Login de Usuário Não Analista do SCD;2
818;Login de Usuário Não Analista do SCD;2
819;Login de Usuário Não Analista do SCD;2
820;Login de Usuário Não Analista do SCD;2
821;Login de Usuário Não Analista do SCD;2
822;Login de Usuário Não Analista do SCD;2
823;Login de Usuário Não Analista do SCD;2
824;Login de Usuário Não Analista do SCD;2
825;Login de Usuário Não Analista do SCD;2
826;Login de Usuário Não Analista do SCD;2
827;Login de Usuário Não Analista do SCD;2
828;Login de Usuário Não Analista do SCD;2
829;Login de Usuário Não Analista do SCD;2
830;Login de Usuário Não Analista do SCD;2
831;Login de Usuário Não Analista do SCD;1
832;Login de Usuário Não Analista do SCD;2
833;Login de Usuário Não Analista do SCD;2
834;Login de Usuário Não Analista do SCD;1
835;Login de Usuário Não Analista do SCD;2
836;Login de Usuário Não Analista do SCD;2
837;Login de Usuário Não Analista do SCD;2
838;Login de Usuário Não Analista do SCD;2
839;Login de Usuário Não Analista do SCD;2
840;Login de Usuário Não Analista do SCD;2
841;Login de Usuário Não Analista do SCD;1
842;Login de Usuário Não Analista do SCD;2
843;Login de Usuário Não Analista do SCD;1
844;Login de Usuário Não Analista do SCD;2
845;Login de Usuário Não Analista do SCD;2
846;Login de Usuário Não Analista do SCD;1
847;Login de Usuário Não Analista do SCD;2
848;Login de Usuário Não Analista do SCD;2
849;Login de Usuário Não Analista do SCD;2
850;Login de Usuário Não Analista do SCD;2
851;Login de Usuário Não Analista do SCD;2
852;Login de Usuário Não Analista do SCD;2
853;Login de Usuário Não Analista do SCD;1
854;Login de Usuário Não Analista do SCD;1
855;Login de Usuário Não Analista do SCD;1
856;Login de Usuário Não Analista do SCD;2
857;Login de Usuário Não Analista do SCD;2
858;Login de Usuário Não Analista do SCD;2
859;Login de Usuário Não Analista do SCD;2
860;Login de Usuário Não Analista do SCD;2
861;Login de Usuário Não Analista do SCD;2
862;Login de Usuário Não Analista do SCD;2
863;Login de Usuário Não Analista do SCD;2
864;Login de Usuário Não Analista do SCD;2
865;Login de Usuário Não Analista do SCD;2
866;Login de Usuário Não Analista do SCD;2
867;Login de Usuário Não Analista do SCD;2
868;Login de Usuário Não Analista do SCD;2
869;Login de Usuário Não Analista do SCD;2
870;Login de Usuário Não Analista do SCD;2
871;Login de Usuário Não Analista do SCD;2
872;Login de Usuário Não Analista do SCD;2
873;Login de Usuário Não Analista do SCD;2
874;Login de Usuário Não Analista do SCD;1
875;Login de Usuário Não Analista do SCD;2
876;Login de Usuário Não Analista do SCD;2
877;Login de Usuário Não Analista do SCD;2
878;Login de Usuário Não Analista do SCD;1
879;Login de Usuário Não Analista do SCD;2
880;Login de Usuário Não Analista do SCD;2
881;Login de Usuário Não Analista do SCD;2
882;Login de Usuário Não Analista do SCD;2
883;Login de Usuário Não Analista do SCD;2
884;Login de Usuário Não Analista do SCD;2
885;Login de Usuário Não Analista do SCD;2
886;Login de Usuário Não Analista do SCD;2
887;Login de Usuário Não Analista do SCD;2
888;Login de Usuário Não Analista do SCD;2
889;Login de Usuário Não Analista do SCD;2
890;Login de Usuário Não Analista do SCD;2
891;Login de Usuário Não Analista do SCD;2
892;Login de Usuário Não Analista do SCD;2
893;Login de Usuário Não Analista do SCD;2
894;Login de Usuário Não Analista do SCD;2
895;Login de Usuário Não Analista do SCD;2
896;Login de Usuário Não Analista do SCD;1
897;Login de Usuário Não Analista do SCD;2
898;Login de Usuário Não Analista do SCD;2
899;Login de Usuário Não Analista do SCD;2
900;Login de Usuário Não Analista do SCD;2
901;Login de Usuário Não Analista do SCD;2
902;Login de Usuário Não Analista do SCD;2
903;Login de Usuário Não Analista do SCD;2
904;Login de Usuário Não Analista do SCD;2
905;Login de Usuário Não Analista do SCD;2
906;Login de Usuário Não Analista do SCD;2
907;Login de Usuário Não Analista do SCD;2
908;Login de Usuário Não Analista do SCD;2
909;Login de Usuário Não Analista do SCD;2
910;Login de Usuário Não Analista do SCD;2
911;Login de Usuário Não Analista do SCD;2
912;Login de Usuário Não Analista do SCD;2
913;Login de Usuário Não Analista do SCD;2
914;Login de Usuário Não Analista do SCD;2
915;Login de Usuário Não Analista do SCD;2
916;Login de Usuário Não Analista do SCD;2
917;Login de Usuário Não Analista do SCD;2
918;Login de Usuário Não Analista do SCD;2
919;Login de Usuário Não Analista do SCD;2
920;Login de Usuário Não Analista do SCD;2
921;Login de Usuário Não Analista do SCD;2
922;Login de Usuário Não Analista do SCD;2
923;Login de Usuário Não Analista do SCD;1
924;Login de Usuário Não Analista do SCD;2
925;Login de Usuário Não Analista do SCD;2
926;Login de Usuário Não Analista do SCD;2
927;Login de Usuário Não Analista do SCD;2
928;Login de Usuário Não Analista do SCD;2
929;Login de Usuário Não Analista do SCD;2
930;Login de Usuário Não Analista do SCD;2
931;Login de Usuário Não Analista do SCD;2
932;Login de Usuário Não Analista do SCD;2
933;Login de Usuário Não Analista do SCD;2
934;Login de Usuário Não Analista do SCD;2
935;Login de Usuário Não Analista do SCD;2
936;Login de Usuário Não Analista do SCD;2
937;Login de Usuário Não Analista do SCD;2
938;Login de Usuário Não Analista do SCD;2
939;Login de Usuário Não Analista do SCD;2
940;Lucas;1
941;Login de Usuário Não Analista do SCD;2
942;Login de Usuário Não Analista do SCD;2
943;Login de Usuário Não Analista do SCD;2
944;Login de Usuário Não Analista do SCD;2
945;Login de Usuário Não Analista do SCD;1
946;Login de Usuário Não Analista do SCD;1
947;Login de Usuário Não Analista do SCD;2
948;Login de Usuário Não Analista do SCD;2
949;Login de Usuário Não Analista do SCD;2
950;Login de Usuário Não Analista do SCD;NULL
951;Login de Usuário Não Analista do SCD;2
952;Login de Usuário Não Analista do SCD;2
953;Login de Usuário Não Analista do SCD;2
954;Login de Usuário Não Analista do SCD;2
955;Login de Usuário Não Analista do SCD;2
956;Login de Usuário Não Analista do SCD;2
957;Login de Usuário Não Analista do SCD;2
958;Login de Usuário Não Analista do SCD;2
959;Login de Usuário Não Analista do SCD;2
960;Gilson;1
961;Login de Usuário Não Analista do SCD;2
962;Login de Usuário Não Analista do SCD;2
963;Login de Usuário Não Analista do SCD;2
964;Login de Usuário Não Analista do SCD;2
965;Login de Usuário Não Analista do SCD;2
966;Login de Usuário Não Analista do SCD;2
967;Login de Usuário Não Analista do SCD;1
968;Login de Usuário Não Analista do SCD;2
969;Login de Usuário Não Analista do SCD;2
970;Login de Usuário Não Analista do SCD;2
971;Login de Usuário Não Analista do SCD;2
972;Login de Usuário Não Analista do SCD;2
973;Login de Usuário Não Analista do SCD;2
974;Login de Usuário Não Analista do SCD;2
975;Login de Usuário Não Analista do SCD;2
976;Login de Usuário Não Analista do SCD;2
977;Login de Usuário Não Analista do SCD;2
978;Login de Usuário Não Analista do SCD;2
979;Login de Usuário Não Analista do SCD;2
980;Login de Usuário Não Analista do SCD;2
981;Login de Usuário Não Analista do SCD;2
982;Login de Usuário Não Analista do SCD;2
983;Login de Usuário Não Analista do SCD;2
984;Login de Usuário Não Analista do SCD;2
985;Login de Usuário Não Analista do SCD;2
986;Login de Usuário Não Analista do SCD;2
987;Login de Usuário Não Analista do SCD;2
988;Login de Usuário Não Analista do SCD;2
989;Login de Usuário Não Analista do SCD;2
990;Login de Usuário Não Analista do SCD;2
991;Login de Usuário Não Analista do SCD;2
992;Login de Usuário Não Analista do SCD;2
993;Login de Usuário Não Analista do SCD;2
994;Login de Usuário Não Analista do SCD;2
995;Login de Usuário Não Analista do SCD;2
996;Login de Usuário Não Analista do SCD;2
997;Login de Usuário Não Analista do SCD;2
998;Login de Usuário Não Analista do SCD;2
999;Login de Usuário Não Analista do SCD;2
1000;Login de Usuário Não Analista do SCD;2
1001;Login de Usuário Não Analista do SCD;2
1002;Login de Usuário Não Analista do SCD;2
1003;Login de Usuário Não Analista do SCD;2
1004;Login de Usuário Não Analista do SCD;2
1005;Login de Usuário Não Analista do SCD;2
1006;Login de Usuário Não Analista do SCD;2
1007;Login de Usuário Não Analista do SCD;2
1008;Login de Usuário Não Analista do SCD;2
1009;Login de Usuário Não Analista do SCD;1
1010;Login de Usuário Não Analista do SCD;1
1011;Login de Usuário Não Analista do SCD;2
1012;Login de Usuário Não Analista do SCD;2
1013;Login de Usuário Não Analista do SCD;2
1014;Login de Usuário Não Analista do SCD;2
1015;Login de Usuário Não Analista do SCD;2
1016;Login de Usuário Não Analista do SCD;2
1017;Login de Usuário Não Analista do SCD;2
1018;Login de Usuário Não Analista do SCD;2
1019;Login de Usuário Não Analista do SCD;2
1020;Login de Usuário Não Analista do SCD;1
1021;Login de Usuário Não Analista do SCD;2
1022;Login de Usuário Não Analista do SCD;2
1023;Login de Usuário Não Analista do SCD;2
1024;Login de Usuário Não Analista do SCD;2
1025;Login de Usuário Não Analista do SCD;2
1026;Login de Usuário Não Analista do SCD;2
1027;Login de Usuário Não Analista do SCD;2
1028;Login de Usuário Não Analista do SCD;2
1029;Login de Usuário Não Analista do SCD;2
1030;Login de Usuário Não Analista do SCD;2
1031;Login de Usuário Não Analista do SCD;1
1032;Login de Usuário Não Analista do SCD;2
1033;Login de Usuário Não Analista do SCD;1
1034;Login de Usuário Não Analista do SCD;2
1035;Login de Usuário Não Analista do SCD;2
1036;Login de Usuário Não Analista do SCD;1
1037;Login de Usuário Não Analista do SCD;1
1038;Login de Usuário Não Analista do SCD;2
1039;Login de Usuário Não Analista do SCD;2
1040;Login de Usuário Não Analista do SCD;2
1041;Login de Usuário Não Analista do SCD;2
1042;Login de Usuário Não Analista do SCD;2
1043;Login de Usuário Não Analista do SCD;2
1044;Login de Usuário Não Analista do SCD;2
1045;Login de Usuário Não Analista do SCD;2
1046;Login de Usuário Não Analista do SCD;2
1047;Login de Usuário Não Analista do SCD;2
1048;Login de Usuário Não Analista do SCD;2
1049;Login de Usuário Não Analista do SCD;2
1050;Login de Usuário Não Analista do SCD;2
1051;Login de Usuário Não Analista do SCD;2
1052;Login de Usuário Não Analista do SCD;2
1053;Login de Usuário Não Analista do SCD;2
1054;Login de Usuário Não Analista do SCD;2
1055;Login de Usuário Não Analista do SCD;2
1056;Login de Usuário Não Analista do SCD;1
1057;Login de Usuário Não Analista do SCD;1
1058;Login de Usuário Não Analista do SCD;2
1059;Login de Usuário Não Analista do SCD;2
1060;Login de Usuário Não Analista do SCD;2
1061;Login de Usuário Não Analista do SCD;2
1062;Login de Usuário Não Analista do SCD;2
1063;Login de Usuário Não Analista do SCD;2
1064;Login de Usuário Não Analista do SCD;2
1065;Login de Usuário Não Analista do SCD;2
1066;Login de Usuário Não Analista do SCD;2
1067;Login de Usuário Não Analista do SCD;1
1068;Login de Usuário Não Analista do SCD;2
1069;Login de Usuário Não Analista do SCD;1
1070;Login de Usuário Não Analista do SCD;2
1071;Login de Usuário Não Analista do SCD;2
1072;Login de Usuário Não Analista do SCD;2
1073;Login de Usuário Não Analista do SCD;2
1074;Login de Usuário Não Analista do SCD;2
1075;Login de Usuário Não Analista do SCD;2
1076;Login de Usuário Não Analista do SCD;2
1077;Login de Usuário Não Analista do SCD;2
1078;Login de Usuário Não Analista do SCD;2
1079;Login de Usuário Não Analista do SCD;2
1080;Login de Usuário Não Analista do SCD;2
1081;Login de Usuário Não Analista do SCD;2
1082;Login de Usuário Não Analista do SCD;2
1083;Login de Usuário Não Analista do SCD;2
1084;Login de Usuário Não Analista do SCD;2
1085;Login de Usuário Não Analista do SCD;2
1086;Login de Usuário Não Analista do SCD;2
1087;Login de Usuário Não Analista do SCD;2
1088;Login de Usuário Não Analista do SCD;2
1089;Login de Usuário Não Analista do SCD;2
1090;Login de Usuário Não Analista do SCD;2
1091;Login de Usuário Não Analista do SCD;2
1092;Login de Usuário Não Analista do SCD;2
1127;Login de Usuário Não Analista do SCD;2
1128;Login de Usuário Não Analista do SCD;2
1129;Login de Usuário Não Analista do SCD;2
1131;Login de Usuário Não Analista do SCD;NULL
1132;Login de Usuário Não Analista do SCD;2
1133;Login de Usuário Não Analista do SCD;2
1134;Login de Usuário Não Analista do SCD;2
1135;Login de Usuário Não Analista do SCD;2
1136;Login de Usuário Não Analista do SCD;2
1137;Login de Usuário Não Analista do SCD;2
1138;Login de Usuário Não Analista do SCD;2
1139;Login de Usuário Não Analista do SCD;2
1140;Login de Usuário Não Analista do SCD;2
1141;Login de Usuário Não Analista do SCD;2
1142;Login de Usuário Não Analista do SCD;1
1143;Login de Usuário Não Analista do SCD;2
1144;Login de Usuário Não Analista do SCD;2
1145;Login de Usuário Não Analista do SCD;2
1146;Login de Usuário Não Analista do SCD;2
1147;Login de Usuário Não Analista do SCD;2
1148;Login de Usuário Não Analista do SCD;2
1149;Login de Usuário Não Analista do SCD;1
1150;Login de Usuário Não Analista do SCD;2
1151;Login de Usuário Não Analista do SCD;2
1152;Login de Usuário Não Analista do SCD;2
1153;Login de Usuário Não Analista do SCD;2
1154;Login de Usuário Não Analista do SCD;2
1155;Login de Usuário Não Analista do SCD;2
1156;Login de Usuário Não Analista do SCD;2
1157;Login de Usuário Não Analista do SCD;2
1158;Login de Usuário Não Analista do SCD;2
1159;Login de Usuário Não Analista do SCD;2
1160;Login de Usuário Não Analista do SCD;2
1161;Login de Usuário Não Analista do SCD;2
1162;Login de Usuário Não Analista do SCD;2
1163;Login de Usuário Não Analista do SCD;2
1164;Login de Usuário Não Analista do SCD;2
1165;Login de Usuário Não Analista do SCD;2
1166;Login de Usuário Não Analista do SCD;2
1167;Login de Usuário Não Analista do SCD;2
1168;Login de Usuário Não Analista do SCD;2
1169;Login de Usuário Não Analista do SCD;2
1170;Login de Usuário Não Analista do SCD;2
1171;Login de Usuário Não Analista do SCD;2
1172;Login de Usuário Não Analista do SCD;2
1173;Login de Usuário Não Analista do SCD;2
1174;Login de Usuário Não Analista do SCD;2
1175;Login de Usuário Não Analista do SCD;2
1176;Login de Usuário Não Analista do SCD;2
1177;Login de Usuário Não Analista do SCD;2
1178;Login de Usuário Não Analista do SCD;2
1179;Login de Usuário Não Analista do SCD;2
1180;Login de Usuário Não Analista do SCD;2
1181;Login de Usuário Não Analista do SCD;2
1182;Login de Usuário Não Analista do SCD;2
1183;Login de Usuário Não Analista do SCD;2
1184;Login de Usuário Não Analista do SCD;2
1185;Login de Usuário Não Analista do SCD;2
1186;Login de Usuário Não Analista do SCD;2
1187;Login de Usuário Não Analista do SCD;2
1188;Login de Usuário Não Analista do SCD;2
1189;Login de Usuário Não Analista do SCD;2
1190;Login de Usuário Não Analista do SCD;2
1191;Login de Usuário Não Analista do SCD;2
1192;Login de Usuário Não Analista do SCD;2
1193;Login de Usuário Não Analista do SCD;2
1194;Login de Usuário Não Analista do SCD;2
1195;Login de Usuário Não Analista do SCD;2
1196;Login de Usuário Não Analista do SCD;2
1197;Login de Usuário Não Analista do SCD;2
1198;Login de Usuário Não Analista do SCD;2
1199;Login de Usuário Não Analista do SCD;2
1200;Login de Usuário Não Analista do SCD;2
1201;Login de Usuário Não Analista do SCD;2
1202;Login de Usuário Não Analista do SCD;2
1203;Login de Usuário Não Analista do SCD;2
1204;Login de Usuário Não Analista do SCD;2
1205;Login de Usuário Não Analista do SCD;2
1206;Login de Usuário Não Analista do SCD;2
1207;Login de Usuário Não Analista do SCD;2
1208;Login de Usuário Não Analista do SCD;2
1209;Login de Usuário Não Analista do SCD;2
1210;Login de Usuário Não Analista do SCD;2
1211;Login de Usuário Não Analista do SCD;2
1212;Login de Usuário Não Analista do SCD;2
1213;Login de Usuário Não Analista do SCD;2
1214;Login de Usuário Não Analista do SCD;2
1215;Login de Usuário Não Analista do SCD;2
1216;Login de Usuário Não Analista do SCD;2
1217;Login de Usuário Não Analista do SCD;2
1218;Login de Usuário Não Analista do SCD;2
1219;Login de Usuário Não Analista do SCD;2
1220;Login de Usuário Não Analista do SCD;2
1221;Login de Usuário Não Analista do SCD;2
1222;Login de Usuário Não Analista do SCD;1
1223;Login de Usuário Não Analista do SCD;2
1224;Login de Usuário Não Analista do SCD;2
1225;Login de Usuário Não Analista do SCD;2
1226;Login de Usuário Não Analista do SCD;2
1227;Login de Usuário Não Analista do SCD;2
1228;Login de Usuário Não Analista do SCD;2
1229;Login de Usuário Não Analista do SCD;2
1230;Login de Usuário Não Analista do SCD;2
1231;Login de Usuário Não Analista do SCD;2
1232;Login de Usuário Não Analista do SCD;2
1233;Login de Usuário Não Analista do SCD;2
1234;Login de Usuário Não Analista do SCD;2
1235;Login de Usuário Não Analista do SCD;2
1236;Login de Usuário Não Analista do SCD;2
1237;Login de Usuário Não Analista do SCD;2
1238;Login de Usuário Não Analista do SCD;2
1239;Login de Usuário Não Analista do SCD;2
1240;Login de Usuário Não Analista do SCD;2
1241;Login de Usuário Não Analista do SCD;2
1242;Login de Usuário Não Analista do SCD;2
1243;Login de Usuário Não Analista do SCD;2
1244;Login de Usuário Não Analista do SCD;2
1245;Login de Usuário Não Analista do SCD;2
1246;Login de Usuário Não Analista do SCD;2
1247;Login de Usuário Não Analista do SCD;2
1248;Login de Usuário Não Analista do SCD;2
1249;Login de Usuário Não Analista do SCD;2
1250;Vanusa;1
1251;Login de Usuário Não Analista do SCD;2
1252;Login de Usuário Não Analista do SCD;2
1253;Login de Usuário Não Analista do SCD;2
1254;Login de Usuário Não Analista do SCD;2
1255;Login de Usuário Não Analista do SCD;2
1256;Login de Usuário Não Analista do SCD;2
1257;Login de Usuário Não Analista do SCD;2
1258;Login de Usuário Não Analista do SCD;2
1259;Login de Usuário Não Analista do SCD;2
1260;Login de Usuário Não Analista do SCD;2
1261;Login de Usuário Não Analista do SCD;2
1262;Login de Usuário Não Analista do SCD;2
1263;Login de Usuário Não Analista do SCD;2
1264;Login de Usuário Não Analista do SCD;2
1265;Login de Usuário Não Analista do SCD;2
1266;Login de Usuário Não Analista do SCD;2
1267;Login de Usuário Não Analista do SCD;2
1268;Login de Usuário Não Analista do SCD;2
1269;Login de Usuário Não Analista do SCD;1
1270;Login de Usuário Não Analista do SCD;2
1271;Login de Usuário Não Analista do SCD;1
1272;Login de Usuário Não Analista do SCD;2
1273;Login de Usuário Não Analista do SCD;2
1274;Login de Usuário Não Analista do SCD;2
1275;Login de Usuário Não Analista do SCD;2
1276;Login de Usuário Não Analista do SCD;2
1277;Login de Usuário Não Analista do SCD;2
1278;Login de Usuário Não Analista do SCD;2
1279;Login de Usuário Não Analista do SCD;2
1280;Login de Usuário Não Analista do SCD;2
1281;Login de Usuário Não Analista do SCD;2
1282;Login de Usuário Não Analista do SCD;2
1283;Login de Usuário Não Analista do SCD;2
1284;Login de Usuário Não Analista do SCD;2
1285;Login de Usuário Não Analista do SCD;2
1286;Login de Usuário Não Analista do SCD;2
1287;Login de Usuário Não Analista do SCD;2
1288;Login de Usuário Não Analista do SCD;2
1289;Login de Usuário Não Analista do SCD;2
1290;Login de Usuário Não Analista do SCD;2
1291;Login de Usuário Não Analista do SCD;2
1292;Login de Usuário Não Analista do SCD;2
1293;Login de Usuário Não Analista do SCD;2
1294;Login de Usuário Não Analista do SCD;2
1295;Login de Usuário Não Analista do SCD;2
1296;Login de Usuário Não Analista do SCD;2
1297;Login de Usuário Não Analista do SCD;2
1298;Login de Usuário Não Analista do SCD;2
1299;Login de Usuário Não Analista do SCD;2
1300;Mauricio;1
1301;Login de Usuário Não Analista do SCD;2
1302;Login de Usuário Não Analista do SCD;2
1303;Login de Usuário Não Analista do SCD;2
1304;Login de Usuário Não Analista do SCD;2
1305;Login de Usuário Não Analista do SCD;2
1306;Login de Usuário Não Analista do SCD;2
1307;Login de Usuário Não Analista do SCD;2
1308;Login de Usuário Não Analista do SCD;2
1309;Login de Usuário Não Analista do SCD;2
1310;Login de Usuário Não Analista do SCD;2
1311;Login de Usuário Não Analista do SCD;2
1312;Login de Usuário Não Analista do SCD;NULL
1313;Login de Usuário Não Analista do SCD;2
1314;Login de Usuário Não Analista do SCD;2
1315;Login de Usuário Não Analista do SCD;2
1316;Login de Usuário Não Analista do SCD;2
1317;Login de Usuário Não Analista do SCD;2
1318;Login de Usuário Não Analista do SCD;1
1319;Login de Usuário Não Analista do SCD;2
1320;Login de Usuário Não Analista do SCD;2
1321;Login de Usuário Não Analista do SCD;2
1322;Login de Usuário Não Analista do SCD;2
1323;Login de Usuário Não Analista do SCD;2
1324;Login de Usuário Não Analista do SCD;2
1325;Login de Usuário Não Analista do SCD;2
1326;Login de Usuário Não Analista do SCD;2
1327;Login de Usuário Não Analista do SCD;2
1328;Login de Usuário Não Analista do SCD;2
1329;Login de Usuário Não Analista do SCD;2
1330;Login de Usuário Não Analista do SCD;1
1331;Login de Usuário Não Analista do SCD;2
1332;Login de Usuário Não Analista do SCD;2
1333;Login de Usuário Não Analista do SCD;2
1334;Login de Usuário Não Analista do SCD;2
1335;Login de Usuário Não Analista do SCD;2
1336;Login de Usuário Não Analista do SCD;2
1337;Login de Usuário Não Analista do SCD;2
1338;Login de Usuário Não Analista do SCD;2
1339;Login de Usuário Não Analista do SCD;2
1340;Login de Usuário Não Analista do SCD;2
1341;Login de Usuário Não Analista do SCD;2
1342;Login de Usuário Não Analista do SCD;2
1343;Login de Usuário Não Analista do SCD;2
1344;Login de Usuário Não Analista do SCD;2
1345;Login de Usuário Não Analista do SCD;2
1346;Login de Usuário Não Analista do SCD;2
1347;Login de Usuário Não Analista do SCD;2
1348;Login de Usuário Não Analista do SCD;2
1349;Login de Usuário Não Analista do SCD;2
1350;Login de Usuário Não Analista do SCD;1
1351;Login de Usuário Não Analista do SCD;2
1352;Login de Usuário Não Analista do SCD;2
1353;Login de Usuário Não Analista do SCD;2
1354;Login de Usuário Não Analista do SCD;2
1355;Login de Usuário Não Analista do SCD;2
1356;Login de Usuário Não Analista do SCD;NULL
1357;Login de Usuário Não Analista do SCD;2
1358;Login de Usuário Não Analista do SCD;2
1359;Login de Usuário Não Analista do SCD;2
1360;Login de Usuário Não Analista do SCD;2
1361;Login de Usuário Não Analista do SCD;NULL
1362;Login de Usuário Não Analista do SCD;NULL
1363;Login de Usuário Não Analista do SCD;NULL
1364;Login de Usuário Não Analista do SCD;2
1365;Login de Usuário Não Analista do SCD;2
1366;Login de Usuário Não Analista do SCD;2
1367;Login de Usuário Não Analista do SCD;2
1368;Login de Usuário Não Analista do SCD;2
1369;Login de Usuário Não Analista do SCD;2
1370;Login de Usuário Não Analista do SCD;2
1371;Login de Usuário Não Analista do SCD;2
1372;Login de Usuário Não Analista do SCD;2
1373;Login de Usuário Não Analista do SCD;1
1374;Login de Usuário Não Analista do SCD;1
1375;Login de Usuário Não Analista do SCD;1
1376;Login de Usuário Não Analista do SCD;2
1377;Login de Usuário Não Analista do SCD;2
1378;Login de Usuário Não Analista do SCD;2
1379;Login de Usuário Não Analista do SCD;2
1380;Login de Usuário Não Analista do SCD;2
1381;Login de Usuário Não Analista do SCD;2
1382;Login de Usuário Não Analista do SCD;NULL
1383;Login de Usuário Não Analista do SCD;1
1384;Login de Usuário Não Analista do SCD;2
1385;Login de Usuário Não Analista do SCD;2
1386;Login de Usuário Não Analista do SCD;NULL
1387;Login de Usuário Não Analista do SCD;NULL
1388;Login de Usuário Não Analista do SCD;NULL
1389;Login de Usuário Não Analista do SCD;NULL
1390;Login de Usuário Não Analista do SCD;2
1391;Login de Usuário Não Analista do SCD;2
1392;Login de Usuário Não Analista do SCD;2
1393;Login de Usuário Não Analista do SCD;2
1394;Login de Usuário Não Analista do SCD;2
1395;Login de Usuário Não Analista do SCD;NULL
1396;Login de Usuário Não Analista do SCD;2
1397;Login de Usuário Não Analista do SCD;2
1398;Login de Usuário Não Analista do SCD;2
1399;Login de Usuário Não Analista do SCD;2
1400;Login de Usuário Não Analista do SCD;1
1401;Login de Usuário Não Analista do SCD;2
1402;Login de Usuário Não Analista do SCD;2
1403;Login de Usuário Não Analista do SCD;2
1404;Login de Usuário Não Analista do SCD;2
1405;Login de Usuário Não Analista do SCD;2
1406;Login de Usuário Não Analista do SCD;2
1407;Login de Usuário Não Analista do SCD;2
1408;Login de Usuário Não Analista do SCD;2
1409;Login de Usuário Não Analista do SCD;2
1410;Login de Usuário Não Analista do SCD;2
1411;Login de Usuário Não Analista do SCD;2
1412;Login de Usuário Não Analista do SCD;2
1413;Login de Usuário Não Analista do SCD;1
1414;Login de Usuário Não Analista do SCD;2
1415;Login de Usuário Não Analista do SCD;2
1416;Login de Usuário Não Analista do SCD;2
1417;Login de Usuário Não Analista do SCD;2
1418;Login de Usuário Não Analista do SCD;2
1419;Login de Usuário Não Analista do SCD;2
1420;Login de Usuário Não Analista do SCD;2
1421;Login de Usuário Não Analista do SCD;2
1422;Login de Usuário Não Analista do SCD;2
1423;Login de Usuário Não Analista do SCD;2
1424;Login de Usuário Não Analista do SCD;2
1425;Login de Usuário Não Analista do SCD;2
1426;Login de Usuário Não Analista do SCD;2
1427;Login de Usuário Não Analista do SCD;2
1428;Login de Usuário Não Analista do SCD;2
1429;Login de Usuário Não Analista do SCD;2
1430;Login de Usuário Não Analista do SCD;2
1431;Login de Usuário Não Analista do SCD;2
1432;Login de Usuário Não Analista do SCD;2
1433;Login de Usuário Não Analista do SCD;2
1434;Login de Usuário Não Analista do SCD;2
1435;Login de Usuário Não Analista do SCD;2
1436;Login de Usuário Não Analista do SCD;2
1437;Login de Usuário Não Analista do SCD;2
1438;Login de Usuário Não Analista do SCD;2
1439;Login de Usuário Não Analista do SCD;2
1440;Login de Usuário Não Analista do SCD;2
1441;Login de Usuário Não Analista do SCD;2
1442;Login de Usuário Não Analista do SCD;1
1443;Login de Usuário Não Analista do SCD;2
1444;Login de Usuário Não Analista do SCD;2
1445;Login de Usuário Não Analista do SCD;2
1446;Login de Usuário Não Analista do SCD;2
1447;Login de Usuário Não Analista do SCD;2
1448;Login de Usuário Não Analista do SCD;1
1449;Login de Usuário Não Analista do SCD;2
1450;Login de Usuário Não Analista do SCD;2
1451;Login de Usuário Não Analista do SCD;2
1452;Login de Usuário Não Analista do SCD;2
1453;Login de Usuário Não Analista do SCD;2
1454;Login de Usuário Não Analista do SCD;2
1455;Login de Usuário Não Analista do SCD;2
1456;Login de Usuário Não Analista do SCD;2
1457;Login de Usuário Não Analista do SCD;2
1458;Login de Usuário Não Analista do SCD;2
1459;Login de Usuário Não Analista do SCD;2
1460;Login de Usuário Não Analista do SCD;2
1461;Login de Usuário Não Analista do SCD;2
1462;Login de Usuário Não Analista do SCD;2
1463;Login de Usuário Não Analista do SCD;2
1464;Login de Usuário Não Analista do SCD;2
1465;Login de Usuário Não Analista do SCD;2
1466;Login de Usuário Não Analista do SCD;2
1467;Login de Usuário Não Analista do SCD;2
1468;Login de Usuário Não Analista do SCD;2
1469;Login de Usuário Não Analista do SCD;2
1470;Login de Usuário Não Analista do SCD;2
1471;Login de Usuário Não Analista do SCD;2
1472;Login de Usuário Não Analista do SCD;2
1473;Login de Usuário Não Analista do SCD;2
1474;Login de Usuário Não Analista do SCD;2
1475;Login de Usuário Não Analista do SCD;2
1476;Login de Usuário Não Analista do SCD;2
1477;Login de Usuário Não Analista do SCD;2
1478;Login de Usuário Não Analista do SCD;2
1479;Login de Usuário Não Analista do SCD;1
1480;Login de Usuário Não Analista do SCD;2
1481;Login de Usuário Não Analista do SCD;2
1482;Login de Usuário Não Analista do SCD;2
1483;Login de Usuário Não Analista do SCD;2
1484;Login de Usuário Não Analista do SCD;2
1485;Login de Usuário Não Analista do SCD;2
1486;Login de Usuário Não Analista do SCD;2
1487;Login de Usuário Não Analista do SCD;2
1488;Login de Usuário Não Analista do SCD;2
1489;Login de Usuário Não Analista do SCD;2
1490;Login de Usuário Não Analista do SCD;2
1491;Login de Usuário Não Analista do SCD;2
1492;Login de Usuário Não Analista do SCD;2
1493;Login de Usuário Não Analista do SCD;2
1494;Login de Usuário Não Analista do SCD;2
1495;Login de Usuário Não Analista do SCD;2
1496;Login de Usuário Não Analista do SCD;2
1497;Login de Usuário Não Analista do SCD;2
1498;Login de Usuário Não Analista do SCD;2
1499;Login de Usuário Não Analista do SCD;2
1500;Antonio;1
1501;Login de Usuário Não Analista do SCD;2
1502;Login de Usuário Não Analista do SCD;2
1503;Login de Usuário Não Analista do SCD;2
1504;Login de Usuário Não Analista do SCD;2
1505;Login de Usuário Não Analista do SCD;1
1506;Login de Usuário Não Analista do SCD;2
1507;Login de Usuário Não Analista do SCD;2
1508;Login de Usuário Não Analista do SCD;2
1509;Login de Usuário Não Analista do SCD;2
1510;Login de Usuário Não Analista do SCD;2
1511;Login de Usuário Não Analista do SCD;2
1512;Login de Usuário Não Analista do SCD;2
1522;Login de Usuário Não Analista do SCD;2
1523;Login de Usuário Não Analista do SCD;2
1524;Login de Usuário Não Analista do SCD;2
1525;Login de Usuário Não Analista do SCD;2
1526;Login de Usuário Não Analista do SCD;2
1533;Login de Usuário Não Analista do SCD;NULL
1535;Login de Usuário Não Analista do SCD;1
1536;Login de Usuário Não Analista do SCD;1
1537;Login de Usuário Não Analista do SCD;2
1538;Login de Usuário Não Analista do SCD;2
1539;Login de Usuário Não Analista do SCD;2
1540;Login de Usuário Não Analista do SCD;2
1541;Login de Usuário Não Analista do SCD;2
1542;Login de Usuário Não Analista do SCD;2
1543;Login de Usuário Não Analista do SCD;2
1544;Login de Usuário Não Analista do SCD;2
1545;Login de Usuário Não Analista do SCD;2
1546;Login de Usuário Não Analista do SCD;2
1547;Login de Usuário Não Analista do SCD;2
1548;Login de Usuário Não Analista do SCD;2
1549;Login de Usuário Não Analista do SCD;NULL
1550;Login de Usuário Não Analista do SCD;2
1551;Login de Usuário Não Analista do SCD;2
1552;Login de Usuário Não Analista do SCD;2
1553;Login de Usuário Não Analista do SCD;2
1554;Login de Usuário Não Analista do SCD;1
1555;Login de Usuário Não Analista do SCD;2
1556;Login de Usuário Não Analista do SCD;2
1557;Login de Usuário Não Analista do SCD;2
1558;Login de Usuário Não Analista do SCD;1
1559;Login de Usuário Não Analista do SCD;2
1560;Login de Usuário Não Analista do SCD;2
1561;Login de Usuário Não Analista do SCD;2
1562;Login de Usuário Não Analista do SCD;2
1563;Login de Usuário Não Analista do SCD;2
1564;Login de Usuário Não Analista do SCD;1
1565;Login de Usuário Não Analista do SCD;2
1566;Login de Usuário Não Analista do SCD;2
1567;Login de Usuário Não Analista do SCD;2
1568;Login de Usuário Não Analista do SCD;2
1569;Login de Usuário Não Analista do SCD;2
1570;Login de Usuário Não Analista do SCD;2
1571;Login de Usuário Não Analista do SCD;2
1572;Login de Usuário Não Analista do SCD;2
1573;Login de Usuário Não Analista do SCD;2
1574;Login de Usuário Não Analista do SCD;2
1575;Login de Usuário Não Analista do SCD;2
1576;Login de Usuário Não Analista do SCD;2
1577;Login de Usuário Não Analista do SCD;2
1578;Login de Usuário Não Analista do SCD;2
1579;Login de Usuário Não Analista do SCD;2
1580;Login de Usuário Não Analista do SCD;2
1581;Login de Usuário Não Analista do SCD;2
1582;Login de Usuário Não Analista do SCD;2
1583;Login de Usuário Não Analista do SCD;2
1584;Login de Usuário Não Analista do SCD;2
1585;Login de Usuário Não Analista do SCD;2
1586;Login de Usuário Não Analista do SCD;2
1587;Login de Usuário Não Analista do SCD;2
1588;Login de Usuário Não Analista do SCD;2
1589;Login de Usuário Não Analista do SCD;2
1590;Login de Usuário Não Analista do SCD;2
1591;Login de Usuário Não Analista do SCD;2
1592;Login de Usuário Não Analista do SCD;2
1593;Login de Usuário Não Analista do SCD;2
1594;Gilvana;NULL
1595;Marta;NULL
1596;Login de Usuário Não Analista do SCD;2
1597;Login de Usuário Não Analista do SCD;2
1598;Login de Usuário Não Analista do SCD;2
1599;Login de Usuário Não Analista do SCD;2
1600;Login de Usuário Não Analista do SCD;2
1601;Login de Usuário Não Analista do SCD;2
1602;Login de Usuário Não Analista do SCD;2
1603;Login de Usuário Não Analista do SCD;2
1604;Login de Usuário Não Analista do SCD;2
1605;Login de Usuário Não Analista do SCD;2
1606;Login de Usuário Não Analista do SCD;2
1607;Login de Usuário Não Analista do SCD;2
1608;Login de Usuário Não Analista do SCD;2
1609;Login de Usuário Não Analista do SCD;2
1610;Login de Usuário Não Analista do SCD;2
1611;Login de Usuário Não Analista do SCD;2
1612;Login de Usuário Não Analista do SCD;2
1613;Login de Usuário Não Analista do SCD;2
1614;Login de Usuário Não Analista do SCD;2
1615;Login de Usuário Não Analista do SCD;2
1616;Login de Usuário Não Analista do SCD;2
1617;Login de Usuário Não Analista do SCD;2
1618;Login de Usuário Não Analista do SCD;2
1619;Login de Usuário Não Analista do SCD;2
1620;Login de Usuário Não Analista do SCD;2
1621;Login de Usuário Não Analista do SCD;2
1622;Login de Usuário Não Analista do SCD;2
1623;Login de Usuário Não Analista do SCD;2
1624;Login de Usuário Não Analista do SCD;2
1625;Login de Usuário Não Analista do SCD;2
1626;Login de Usuário Não Analista do SCD;2
1627;Login de Usuário Não Analista do SCD;2
1628;Login de Usuário Não Analista do SCD;2
1629;Login de Usuário Não Analista do SCD;2
1630;Login de Usuário Não Analista do SCD;1
1631;Login de Usuário Não Analista do SCD;2
1632;Login de Usuário Não Analista do SCD;1
1633;Login de Usuário Não Analista do SCD;2
1634;Login de Usuário Não Analista do SCD;2
1635;Login de Usuário Não Analista do SCD;2
1636;Login de Usuário Não Analista do SCD;2
1637;Login de Usuário Não Analista do SCD;2
1638;Login de Usuário Não Analista do SCD;2
1639;Login de Usuário Não Analista do SCD;2
1640;Login de Usuário Não Analista do SCD;2
1641;Login de Usuário Não Analista do SCD;2
1642;Login de Usuário Não Analista do SCD;2
1643;Login de Usuário Não Analista do SCD;2
1644;Login de Usuário Não Analista do SCD;2
1645;Login de Usuário Não Analista do SCD;2
1646;Login de Usuário Não Analista do SCD;2
1647;Login de Usuário Não Analista do SCD;2
1648;Login de Usuário Não Analista do SCD;2
1649;Login de Usuário Não Analista do SCD;1
1650;Login de Usuário Não Analista do SCD;1
1651;Login de Usuário Não Analista do SCD;2
1652;Login de Usuário Não Analista do SCD;1
1653;Login de Usuário Não Analista do SCD;2
1654;Login de Usuário Não Analista do SCD;2
1655;Login de Usuário Não Analista do SCD;2
1656;Login de Usuário Não Analista do SCD;2
1657;Login de Usuário Não Analista do SCD;2
1658;Login de Usuário Não Analista do SCD;2
1659;Login de Usuário Não Analista do SCD;2
1660;Login de Usuário Não Analista do SCD;2
1661;Login de Usuário Não Analista do SCD;2
1662;Login de Usuário Não Analista do SCD;2
1663;Login de Usuário Não Analista do SCD;2
1664;Login de Usuário Não Analista do SCD;2
1665;Login de Usuário Não Analista do SCD;2
1666;Login de Usuário Não Analista do SCD;2
1667;Login de Usuário Não Analista do SCD;2
1668;Login de Usuário Não Analista do SCD;2
1669;Login de Usuário Não Analista do SCD;2
1670;Login de Usuário Não Analista do SCD;2
1671;Login de Usuário Não Analista do SCD;2
1672;Login de Usuário Não Analista do SCD;2
1673;Login de Usuário Não Analista do SCD;2
1674;Login de Usuário Não Analista do SCD;2
1675;Login de Usuário Não Analista do SCD;2
1676;Login de Usuário Não Analista do SCD;2
1677;Login de Usuário Não Analista do SCD;2
1678;Login de Usuário Não Analista do SCD;2
1679;Login de Usuário Não Analista do SCD;2
1680;Login de Usuário Não Analista do SCD;2
1681;Login de Usuário Não Analista do SCD;2
1682;Login de Usuário Não Analista do SCD;2
1683;Login de Usuário Não Analista do SCD;2
1684;Login de Usuário Não Analista do SCD;2
1685;Login de Usuário Não Analista do SCD;2
1686;Login de Usuário Não Analista do SCD;2
1687;Login de Usuário Não Analista do SCD;2
1688;Login de Usuário Não Analista do SCD;2
1689;Login de Usuário Não Analista do SCD;2
1690;Login de Usuário Não Analista do SCD;2
1691;Login de Usuário Não Analista do SCD;2
1692;Login de Usuário Não Analista do SCD;2
1693;Login de Usuário Não Analista do SCD;2
1694;Login de Usuário Não Analista do SCD;2
1695;Login de Usuário Não Analista do SCD;2
1696;Login de Usuário Não Analista do SCD;2
1697;Login de Usuário Não Analista do SCD;2
1698;Login de Usuário Não Analista do SCD;2
1699;Login de Usuário Não Analista do SCD;2
1700;Login de Usuário Não Analista do SCD;2
1701;Login de Usuário Não Analista do SCD;2
1702;Login de Usuário Não Analista do SCD;2
1703;Login de Usuário Não Analista do SCD;2
1704;Login de Usuário Não Analista do SCD;2
1705;Login de Usuário Não Analista do SCD;2
1706;Login de Usuário Não Analista do SCD;2
1707;Login de Usuário Não Analista do SCD;2
1708;Login de Usuário Não Analista do SCD;2
1709;Login de Usuário Não Analista do SCD;2
1710;Login de Usuário Não Analista do SCD;2
1711;Login de Usuário Não Analista do SCD;2
1712;Login de Usuário Não Analista do SCD;2
1713;Login de Usuário Não Analista do SCD;2
1714;Login de Usuário Não Analista do SCD;2
1715;Login de Usuário Não Analista do SCD;2
1716;Login de Usuário Não Analista do SCD;2
1717;Login de Usuário Não Analista do SCD;2
1718;Login de Usuário Não Analista do SCD;2
1719;Login de Usuário Não Analista do SCD;2
1720;Login de Usuário Não Analista do SCD;2
1721;Login de Usuário Não Analista do SCD;2
1722;Login de Usuário Não Analista do SCD;2
1723;Login de Usuário Não Analista do SCD;2
1724;Login de Usuário Não Analista do SCD;2
1725;Login de Usuário Não Analista do SCD;2
1726;Login de Usuário Não Analista do SCD;2
1727;Login de Usuário Não Analista do SCD;1
1728;Login de Usuário Não Analista do SCD;2
1729;Login de Usuário Não Analista do SCD;2
1730;Login de Usuário Não Analista do SCD;2
1731;Login de Usuário Não Analista do SCD;2
1732;Login de Usuário Não Analista do SCD;2
1733;Login de Usuário Não Analista do SCD;2
1734;Login de Usuário Não Analista do SCD;2
1735;Login de Usuário Não Analista do SCD;2
1736;Login de Usuário Não Analista do SCD;2
1737;Login de Usuário Não Analista do SCD;2
1738;Login de Usuário Não Analista do SCD;2
1739;Login de Usuário Não Analista do SCD;2
1740;Login de Usuário Não Analista do SCD;2
1741;Login de Usuário Não Analista do SCD;2
1742;Login de Usuário Não Analista do SCD;2
1743;Login de Usuário Não Analista do SCD;2
1744;Login de Usuário Não Analista do SCD;2
1745;Login de Usuário Não Analista do SCD;2
1746;Login de Usuário Não Analista do SCD;2
1747;Login de Usuário Não Analista do SCD;2
1748;Login de Usuário Não Analista do SCD;2
1749;Login de Usuário Não Analista do SCD;2
1750;Login de Usuário Não Analista do SCD;2
1751;Login de Usuário Não Analista do SCD;2
1752;Login de Usuário Não Analista do SCD;2
1753;Login de Usuário Não Analista do SCD;2
1754;Login de Usuário Não Analista do SCD;2
1755;Login de Usuário Não Analista do SCD;2
1756;Login de Usuário Não Analista do SCD;2
1757;Login de Usuário Não Analista do SCD;2
1758;Login de Usuário Não Analista do SCD;2
1759;Login de Usuário Não Analista do SCD;2
1760;Login de Usuário Não Analista do SCD;1
1761;Login de Usuário Não Analista do SCD;2
1762;Login de Usuário Não Analista do SCD;1
1763;Login de Usuário Não Analista do SCD;2
1764;Login de Usuário Não Analista do SCD;1
1765;Login de Usuário Não Analista do SCD;2
1766;Login de Usuário Não Analista do SCD;2
1767;Login de Usuário Não Analista do SCD;1
1768;Login de Usuário Não Analista do SCD;2
1769;Login de Usuário Não Analista do SCD;2
1770;Login de Usuário Não Analista do SCD;2
1771;Login de Usuário Não Analista do SCD;2
1772;Login de Usuário Não Analista do SCD;2
1773;Login de Usuário Não Analista do SCD;2
1774;Login de Usuário Não Analista do SCD;2
1775;Login de Usuário Não Analista do SCD;2
1776;Login de Usuário Não Analista do SCD;2
1777;Login de Usuário Não Analista do SCD;2
1778;Login de Usuário Não Analista do SCD;2
1779;Login de Usuário Não Analista do SCD;2
1780;Login de Usuário Não Analista do SCD;2
1781;Login de Usuário Não Analista do SCD;2
1782;Login de Usuário Não Analista do SCD;2
1783;Login de Usuário Não Analista do SCD;2
1784;Login de Usuário Não Analista do SCD;2
1785;Login de Usuário Não Analista do SCD;2
1786;Login de Usuário Não Analista do SCD;2
1787;Login de Usuário Não Analista do SCD;2
1788;Login de Usuário Não Analista do SCD;2
1789;Login de Usuário Não Analista do SCD;2
1790;Login de Usuário Não Analista do SCD;2
1791;Login de Usuário Não Analista do SCD;2
1792;Login de Usuário Não Analista do SCD;2
1793;Login de Usuário Não Analista do SCD;2
1794;Login de Usuário Não Analista do SCD;2
1795;Login de Usuário Não Analista do SCD;2
1796;Login de Usuário Não Analista do SCD;2
1797;Login de Usuário Não Analista do SCD;2
1798;Login de Usuário Não Analista do SCD;2
1799;Login de Usuário Não Analista do SCD;2
1800;Login de Usuário Não Analista do SCD;2
1801;Login de Usuário Não Analista do SCD;2
1802;Login de Usuário Não Analista do SCD;2
1803;Login de Usuário Não Analista do SCD;2
1804;Login de Usuário Não Analista do SCD;2
1805;Login de Usuário Não Analista do SCD;2
1806;Login de Usuário Não Analista do SCD;2
1807;Login de Usuário Não Analista do SCD;2
1808;Login de Usuário Não Analista do SCD;2
1809;Login de Usuário Não Analista do SCD;2
1810;Login de Usuário Não Analista do SCD;2
1811;Login de Usuário Não Analista do SCD;2
1812;Login de Usuário Não Analista do SCD;2
1813;Login de Usuário Não Analista do SCD;2
1814;Login de Usuário Não Analista do SCD;2
1815;Login de Usuário Não Analista do SCD;2
1816;Login de Usuário Não Analista do SCD;2
1817;Login de Usuário Não Analista do SCD;2
1818;Login de Usuário Não Analista do SCD;2
1819;Login de Usuário Não Analista do SCD;2
1820;Login de Usuário Não Analista do SCD;2
1821;Login de Usuário Não Analista do SCD;2
1822;Login de Usuário Não Analista do SCD;2
1823;Login de Usuário Não Analista do SCD;2
1824;Login de Usuário Não Analista do SCD;2
1825;Login de Usuário Não Analista do SCD;2
1826;Login de Usuário Não Analista do SCD;2
1827;Login de Usuário Não Analista do SCD;2
1828;Login de Usuário Não Analista do SCD;2
1829;Login de Usuário Não Analista do SCD;2
1830;Login de Usuário Não Analista do SCD;2
1831;Login de Usuário Não Analista do SCD;2
1832;Login de Usuário Não Analista do SCD;2
1833;Login de Usuário Não Analista do SCD;2
1834;Login de Usuário Não Analista do SCD;2
1835;Login de Usuário Não Analista do SCD;2
1836;Login de Usuário Não Analista do SCD;2
1837;Login de Usuário Não Analista do SCD;2
1838;Login de Usuário Não Analista do SCD;2
1839;Login de Usuário Não Analista do SCD;2
1840;Login de Usuário Não Analista do SCD;2
1841;Login de Usuário Não Analista do SCD;2
1842;Login de Usuário Não Analista do SCD;2
1843;Login de Usuário Não Analista do SCD;2
1844;Login de Usuário Não Analista do SCD;2
1845;Login de Usuário Não Analista do SCD;2
1846;Login de Usuário Não Analista do SCD;2
1847;Login de Usuário Não Analista do SCD;2
1848;Login de Usuário Não Analista do SCD;2
1849;Login de Usuário Não Analista do SCD;2
1850;Login de Usuário Não Analista do SCD;2
1851;Login de Usuário Não Analista do SCD;2
1852;Login de Usuário Não Analista do SCD;2
1853;Login de Usuário Não Analista do SCD;2
1854;Login de Usuário Não Analista do SCD;2
1855;Login de Usuário Não Analista do SCD;2
1856;Login de Usuário Não Analista do SCD;2
1857;Login de Usuário Não Analista do SCD;2
1858;Login de Usuário Não Analista do SCD;2
1859;Login de Usuário Não Analista do SCD;2
1860;Login de Usuário Não Analista do SCD;2
1861;Login de Usuário Não Analista do SCD;2
1862;Login de Usuário Não Analista do SCD;2
1863;Login de Usuário Não Analista do SCD;2
1864;Login de Usuário Não Analista do SCD;2
1865;Login de Usuário Não Analista do SCD;2
1866;Login de Usuário Não Analista do SCD;2
1867;Login de Usuário Não Analista do SCD;2
1868;Login de Usuário Não Analista do SCD;2
1869;Login de Usuário Não Analista do SCD;2
1870;Login de Usuário Não Analista do SCD;2
1871;Login de Usuário Não Analista do SCD;2
1872;Login de Usuário Não Analista do SCD;2
1873;Login de Usuário Não Analista do SCD;2
1874;Login de Usuário Não Analista do SCD;2
1875;Login de Usuário Não Analista do SCD;2
1876;Login de Usuário Não Analista do SCD;2
1877;Login de Usuário Não Analista do SCD;2
1878;Login de Usuário Não Analista do SCD;2
1879;Login de Usuário Não Analista do SCD;2
1880;Login de Usuário Não Analista do SCD;2
1881;Login de Usuário Não Analista do SCD;2
1882;Login de Usuário Não Analista do SCD;2
1883;Login de Usuário Não Analista do SCD;2
1884;Login de Usuário Não Analista do SCD;2
1885;Login de Usuário Não Analista do SCD;2
1886;Login de Usuário Não Analista do SCD;2
1887;Login de Usuário Não Analista do SCD;2
1888;Login de Usuário Não Analista do SCD;2
1889;Login de Usuário Não Analista do SCD;2
1890;Login de Usuário Não Analista do SCD;2
1891;Login de Usuário Não Analista do SCD;2
1892;Login de Usuário Não Analista do SCD;2
1893;Login de Usuário Não Analista do SCD;2
1894;Login de Usuário Não Analista do SCD;2
1895;Login de Usuário Não Analista do SCD;2
1896;Login de Usuário Não Analista do SCD;2
1897;Login de Usuário Não Analista do SCD;2
1898;Login de Usuário Não Analista do SCD;2
1899;Login de Usuário Não Analista do SCD;2
1900;Login de Usuário Não Analista do SCD;2
1901;Login de Usuário Não Analista do SCD;2
1902;Login de Usuário Não Analista do SCD;2
1903;Login de Usuário Não Analista do SCD;2
1904;Login de Usuário Não Analista do SCD;2
1905;Login de Usuário Não Analista do SCD;2
1906;Login de Usuário Não Analista do SCD;2
1907;Login de Usuário Não Analista do SCD;2
1908;Login de Usuário Não Analista do SCD;2
1909;Login de Usuário Não Analista do SCD;2
1910;Login de Usuário Não Analista do SCD;2
1911;Login de Usuário Não Analista do SCD;2
1912;Login de Usuário Não Analista do SCD;2
1913;Login de Usuário Não Analista do SCD;2
1914;Login de Usuário Não Analista do SCD;2
1915;Login de Usuário Não Analista do SCD;2
1916;Login de Usuário Não Analista do SCD;2
1917;Login de Usuário Não Analista do SCD;2
1918;Login de Usuário Não Analista do SCD;2
1919;Login de Usuário Não Analista do SCD;2
1920;Login de Usuário Não Analista do SCD;2
1921;Login de Usuário Não Analista do SCD;2
1922;Login de Usuário Não Analista do SCD;2
1923;Login de Usuário Não Analista do SCD;2
1924;Login de Usuário Não Analista do SCD;2
1925;Login de Usuário Não Analista do SCD;2
1926;Login de Usuário Não Analista do SCD;2
1927;Login de Usuário Não Analista do SCD;2
1928;Login de Usuário Não Analista do SCD;2
1929;Login de Usuário Não Analista do SCD;1
1930;Login de Usuário Não Analista do SCD;NULL
1931;Login de Usuário Não Analista do SCD;2
1932;Login de Usuário Não Analista do SCD;1
1933;Login de Usuário Não Analista do SCD;2
1934;Login de Usuário Não Analista do SCD;2
1935;Login de Usuário Não Analista do SCD;2
1936;Login de Usuário Não Analista do SCD;2
1937;Login de Usuário Não Analista do SCD;2
1938;Login de Usuário Não Analista do SCD;2
1939;Login de Usuário Não Analista do SCD;2
1940;Login de Usuário Não Analista do SCD;2
1941;Login de Usuário Não Analista do SCD;2
1942;Login de Usuário Não Analista do SCD;2
1943;Login de Usuário Não Analista do SCD;2
1944;Login de Usuário Não Analista do SCD;2
1945;Login de Usuário Não Analista do SCD;2
1946;Login de Usuário Não Analista do SCD;2
1947;Login de Usuário Não Analista do SCD;2
1948;Login de Usuário Não Analista do SCD;2
1949;Login de Usuário Não Analista do SCD;2
1950;Login de Usuário Não Analista do SCD;2
1951;Login de Usuário Não Analista do SCD;2
1952;Login de Usuário Não Analista do SCD;2
1953;Login de Usuário Não Analista do SCD;2
1954;Login de Usuário Não Analista do SCD;2
1955;Login de Usuário Não Analista do SCD;2
1956;Login de Usuário Não Analista do SCD;2
1957;Login de Usuário Não Analista do SCD;2
1958;Login de Usuário Não Analista do SCD;2
1959;Login de Usuário Não Analista do SCD;2
1960;Login de Usuário Não Analista do SCD;2
1961;Login de Usuário Não Analista do SCD;2
1962;Login de Usuário Não Analista do SCD;2
1963;Login de Usuário Não Analista do SCD;2
1964;Login de Usuário Não Analista do SCD;2
1965;Login de Usuário Não Analista do SCD;2
1966;Login de Usuário Não Analista do SCD;2
1967;Login de Usuário Não Analista do SCD;2
1968;Login de Usuário Não Analista do SCD;2
1969;Login de Usuário Não Analista do SCD;2
1970;Login de Usuário Não Analista do SCD;2
1971;Login de Usuário Não Analista do SCD;2
1972;Login de Usuário Não Analista do SCD;2
1973;Login de Usuário Não Analista do SCD;2
1974;Login de Usuário Não Analista do SCD;2
1975;Login de Usuário Não Analista do SCD;2
1976;Login de Usuário Não Analista do SCD;2
1977;Login de Usuário Não Analista do SCD;2
1978;Login de Usuário Não Analista do SCD;2
1979;Login de Usuário Não Analista do SCD;2
1980;Login de Usuário Não Analista do SCD;2
1981;Login de Usuário Não Analista do SCD;1
1982;Login de Usuário Não Analista do SCD;2
1983;Login de Usuário Não Analista do SCD;2
1984;Login de Usuário Não Analista do SCD;2
1985;Login de Usuário Não Analista do SCD;2
1986;Login de Usuário Não Analista do SCD;2
1987;Login de Usuário Não Analista do SCD;2
1988;Login de Usuário Não Analista do SCD;2
1989;Login de Usuário Não Analista do SCD;2
1990;Login de Usuário Não Analista do SCD;2
1991;Login de Usuário Não Analista do SCD;2
1992;Login de Usuário Não Analista do SCD;2
1993;Login de Usuário Não Analista do SCD;2
1994;Login de Usuário Não Analista do SCD;2
1995;Login de Usuário Não Analista do SCD;2
1996;Login de Usuário Não Analista do SCD;2
1997;Login de Usuário Não Analista do SCD;2
1998;Login de Usuário Não Analista do SCD;2
1999;Login de Usuário Não Analista do SCD;2
2000;Login de Usuário Não Analista do SCD;2
2001;Login de Usuário Não Analista do SCD;2
2002;Login de Usuário Não Analista do SCD;2
2003;Login de Usuário Não Analista do SCD;2
2004;Login de Usuário Não Analista do SCD;2
2005;Login de Usuário Não Analista do SCD;2
2006;Login de Usuário Não Analista do SCD;2
2007;Login de Usuário Não Analista do SCD;2
2008;Login de Usuário Não Analista do SCD;2
2009;Login de Usuário Não Analista do SCD;2
2010;Login de Usuário Não Analista do SCD;2
2011;Login de Usuário Não Analista do SCD;2
2012;Login de Usuário Não Analista do SCD;2
2013;Login de Usuário Não Analista do SCD;2
2014;Login de Usuário Não Analista do SCD;2
2015;Login de Usuário Não Analista do SCD;2
2016;Login de Usuário Não Analista do SCD;2
2017;Login de Usuário Não Analista do SCD;2
2018;Login de Usuário Não Analista do SCD;2
2019;Login de Usuário Não Analista do SCD;2
2020;Login de Usuário Não Analista do SCD;2
2021;Login de Usuário Não Analista do SCD;2
2022;Login de Usuário Não Analista do SCD;2
2023;Login de Usuário Não Analista do SCD;2
2024;Login de Usuário Não Analista do SCD;2
2025;Login de Usuário Não Analista do SCD;2
2026;Login de Usuário Não Analista do SCD;2
2027;Login de Usuário Não Analista do SCD;2
2028;Login de Usuário Não Analista do SCD;2
2029;Login de Usuário Não Analista do SCD;2
2030;Login de Usuário Não Analista do SCD;2
2031;Login de Usuário Não Analista do SCD;2
2032;Login de Usuário Não Analista do SCD;2
2033;Login de Usuário Não Analista do SCD;2
2034;Login de Usuário Não Analista do SCD;2
2035;Login de Usuário Não Analista do SCD;2
2036;Login de Usuário Não Analista do SCD;2
2037;Login de Usuário Não Analista do SCD;2
2038;Login de Usuário Não Analista do SCD;2
2039;Login de Usuário Não Analista do SCD;2
2040;Login de Usuário Não Analista do SCD;2
2041;Login de Usuário Não Analista do SCD;2
2042;Login de Usuário Não Analista do SCD;2
2043;Login de Usuário Não Analista do SCD;2
2044;Login de Usuário Não Analista do SCD;2
2045;Login de Usuário Não Analista do SCD;2
2046;Login de Usuário Não Analista do SCD;2
2047;Login de Usuário Não Analista do SCD;2
2048;Login de Usuário Não Analista do SCD;2
2049;Login de Usuário Não Analista do SCD;2
2050;Login de Usuário Não Analista do SCD;2
2051;Login de Usuário Não Analista do SCD;2
2052;Login de Usuário Não Analista do SCD;2
2053;Login de Usuário Não Analista do SCD;2
2054;Login de Usuário Não Analista do SCD;2
2055;Login de Usuário Não Analista do SCD;2
2056;Login de Usuário Não Analista do SCD;2
2057;Login de Usuário Não Analista do SCD;2
2058;Login de Usuário Não Analista do SCD;2
2059;Login de Usuário Não Analista do SCD;2
2060;Login de Usuário Não Analista do SCD;2
2061;Login de Usuário Não Analista do SCD;2
2062;Login de Usuário Não Analista do SCD;2
2063;Login de Usuário Não Analista do SCD;2
2064;Login de Usuário Não Analista do SCD;2
2065;Login de Usuário Não Analista do SCD;2
2066;Login de Usuário Não Analista do SCD;2
2067;Login de Usuário Não Analista do SCD;2
2068;Login de Usuário Não Analista do SCD;2
2069;Login de Usuário Não Analista do SCD;2
2070;Login de Usuário Não Analista do SCD;2
2071;Login de Usuário Não Analista do SCD;2
2072;Login de Usuário Não Analista do SCD;2
2073;Login de Usuário Não Analista do SCD;2
2074;Login de Usuário Não Analista do SCD;2
2075;Login de Usuário Não Analista do SCD;2
2076;Login de Usuário Não Analista do SCD;1
2077;Login de Usuário Não Analista do SCD;2
2078;Login de Usuário Não Analista do SCD;2
2079;Login de Usuário Não Analista do SCD;2
2080;Login de Usuário Não Analista do SCD;2
2081;Login de Usuário Não Analista do SCD;2
2082;Login de Usuário Não Analista do SCD;2
2083;Login de Usuário Não Analista do SCD;2
2084;Login de Usuário Não Analista do SCD;2
2085;Login de Usuário Não Analista do SCD;2
2086;Login de Usuário Não Analista do SCD;2
2087;Login de Usuário Não Analista do SCD;2
2088;Login de Usuário Não Analista do SCD;2
2089;Login de Usuário Não Analista do SCD;2
2090;Login de Usuário Não Analista do SCD;2
2091;Login de Usuário Não Analista do SCD;2
2092;Login de Usuário Não Analista do SCD;2
2093;Login de Usuário Não Analista do SCD;2
2094;Login de Usuário Não Analista do SCD;2
2095;Login de Usuário Não Analista do SCD;2
2096;Login de Usuário Não Analista do SCD;2
2097;Login de Usuário Não Analista do SCD;2
2098;Login de Usuário Não Analista do SCD;2
2099;Login de Usuário Não Analista do SCD;2
2100;Login de Usuário Não Analista do SCD;2
2101;Login de Usuário Não Analista do SCD;2
2102;Login de Usuário Não Analista do SCD;2
2103;Login de Usuário Não Analista do SCD;2
2104;Login de Usuário Não Analista do SCD;2
2105;Login de Usuário Não Analista do SCD;2
2106;Login de Usuário Não Analista do SCD;2
2107;Login de Usuário Não Analista do SCD;2
2108;Login de Usuário Não Analista do SCD;2
2109;Francis;1
2110;Login de Usuário Não Analista do SCD;2
2111;Login de Usuário Não Analista do SCD;2
2112;Login de Usuário Não Analista do SCD;2
2113;Login de Usuário Não Analista do SCD;2
2114;Login de Usuário Não Analista do SCD;2
2115;Login de Usuário Não Analista do SCD;2
2116;Login de Usuário Não Analista do SCD;2
2117;Login de Usuário Não Analista do SCD;1
2118;Login de Usuário Não Analista do SCD;2
2119;Login de Usuário Não Analista do SCD;1
2120;Login de Usuário Não Analista do SCD;2
2121;Login de Usuário Não Analista do SCD;2
2122;Login de Usuário Não Analista do SCD;2
2123;Login de Usuário Não Analista do SCD;2
2124;Login de Usuário Não Analista do SCD;2
2125;Login de Usuário Não Analista do SCD;2
2126;Login de Usuário Não Analista do SCD;2
2127;Login de Usuário Não Analista do SCD;2
2128;Login de Usuário Não Analista do SCD;2
2129;Login de Usuário Não Analista do SCD;2
2130;Login de Usuário Não Analista do SCD;2
2131;Login de Usuário Não Analista do SCD;2
2132;Login de Usuário Não Analista do SCD;2
2133;Login de Usuário Não Analista do SCD;2
2134;Login de Usuário Não Analista do SCD;2
2135;Login de Usuário Não Analista do SCD;2
2136;Login de Usuário Não Analista do SCD;1
2137;Login de Usuário Não Analista do SCD;2
2138;Login de Usuário Não Analista do SCD;2
2144;Login de Usuário Não Analista do SCD;2
2145;Login de Usuário Não Analista do SCD;2
2146;Login de Usuário Não Analista do SCD;2
2147;Login de Usuário Não Analista do SCD;2
2148;Login de Usuário Não Analista do SCD;2
2149;Login de Usuário Não Analista do SCD;2
2150;Login de Usuário Não Analista do SCD;2
2151;Login de Usuário Não Analista do SCD;2
2152;Login de Usuário Não Analista do SCD;2
2153;Login de Usuário Não Analista do SCD;2
2154;Login de Usuário Não Analista do SCD;2
2155;Login de Usuário Não Analista do SCD;2
2156;Login de Usuário Não Analista do SCD;2
2157;Login de Usuário Não Analista do SCD;2
2158;Login de Usuário Não Analista do SCD;2
2160;Login de Usuário Não Analista do SCD;2
2161;Login de Usuário Não Analista do SCD;1
2162;Login de Usuário Não Analista do SCD;2
2163;Login de Usuário Não Analista do SCD;2
2166;Login de Usuário Não Analista do SCD;2
2167;Login de Usuário Não Analista do SCD;2
2168;Login de Usuário Não Analista do SCD;2
2169;Login de Usuário Não Analista do SCD;2
2170;Login de Usuário Não Analista do SCD;2
2171;Login de Usuário Não Analista do SCD;2
2172;Login de Usuário Não Analista do SCD;2
2173;Login de Usuário Não Analista do SCD;2
2174;Login de Usuário Não Analista do SCD;2
2175;Login de Usuário Não Analista do SCD;2
2176;Login de Usuário Não Analista do SCD;2
2177;Login de Usuário Não Analista do SCD;2
2178;Login de Usuário Não Analista do SCD;1
2179;Login de Usuário Não Analista do SCD;2
2180;Login de Usuário Não Analista do SCD;1
2190;Login de Usuário Não Analista do SCD;NULL
2191;Login de Usuário Não Analista do SCD;2
2192;Login de Usuário Não Analista do SCD;2
2193;Login de Usuário Não Analista do SCD;2
2194;Login de Usuário Não Analista do SCD;2
2195;Login de Usuário Não Analista do SCD;2
2196;Login de Usuário Não Analista do SCD;1
2197;Login de Usuário Não Analista do SCD;2
2198;Login de Usuário Não Analista do SCD;2
2199;Login de Usuário Não Analista do SCD;2
